station_id,city,station_name,latitude,longitude,slots,empty_slots,free_bikes,station_location
fb337bbed72e2be090071e199899b2be,Bike Share Toronto,Queen St E / Woodward Ave,43.665269,-79.319796,19,16,3,"43.665269, -79.319796"
4ff88d5880e71aa40d34cfe5d09b0ca7,Bike Share Toronto,Primrose Ave / Davenport Rd,43.67142,-79.445947,15,8,7,"43.671420, -79.445947"
a09c67c0b419654d907c9134b108e328,Bike Share Toronto,Queen St. E / Rhodes Ave.,43.666224,-79.317693,23,21,2,"43.666224, -79.317693"
d6a9daee68070a8b106cfb598d81308c,Bike Share Toronto,Bond St / Queen St E,43.653236,-79.376716,25,25,0,"43.653236, -79.376716"
8f8af40d9388c8a3962559e8681d3db7,Bike Share Toronto,Church St / Alexander St,43.663722,-79.380288,15,8,7,"43.663722, -79.380288"
5a441560e262305d1934fb3ada5a9517,Bike Share Toronto,University Ave / Gerrard St W (East Side),43.657763,-79.389165,25,9,16,"43.657763, -79.389165"
18ea490ab3ca4d10e2927308416edbef,Bike Share Toronto,Edward St / Yonge St,43.656729,-79.382736,23,13,10,"43.656729, -79.382736"
b7850948607474362d3728f19a77fdff,Bike Share Toronto,Euclid Ave / Bloor St W,43.664467,-79.414783,19,13,6,"43.664467, -79.414783"
7ffd06e0207f80fe1ff6b5ae0bb0544c,Bike Share Toronto,Yonge St / Aylmer Ave,43.675492,-79.388858,15,8,7,"43.675492, -79.388858"
17fadbdc5848036c8485099bbf517294,Bike Share Toronto,Davenport Rd / Avenue Rd,43.674991,-79.396273,11,4,6,"43.674991, -79.396273"
843dcb87ce2ddb002d2b2900a5418355,Bike Share Toronto,Yonge St / Yorkville Ave,43.671944,-79.387778,17,8,8,"43.671944, -79.387778"
438406694750984faa317bc6b1f3f909,Bike Share Toronto,Dundas St E / Broadview Ave,43.662365,-79.351104,19,16,3,"43.662365, -79.351104"
41c3e6d3bf3bd993e7d56e22084ab5ee,Bike Share Toronto,Front St W / Yonge St (Hockey Hall of Fame),43.646144,-79.377962,47,31,16,"43.646144, -79.377962"
c95712a6fe0babf73cb9da2c05889749,Bike Share Toronto,Gerrard St E / River St,43.663993,-79.358534,11,3,7,"43.663993, -79.358534"
2aedc79960408d746f43fb1d91bf7030,Bike Share Toronto,Jarvis St / Dundas St E,43.657266,-79.374756,27,14,13,"43.657266, -79.374756"
784016bbba7f7be920647e7f8ec00251,Bike Share Toronto,Logan Av / Gerrard St E,43.6672144,-79.3452697,15,3,12,"43.667214, -79.345270"
77f9f2420581968255251d9f26c78024,Bike Share Toronto,Regal Rd / Dufferin St,43.673939,-79.441159,15,8,7,"43.673939, -79.441159"
7461a94289f2956b380e5b7684b56a1e,Bike Share Toronto,Morse St / Eastern Ave,43.657991,-79.340075,11,4,7,"43.657991, -79.340075"
69dc0257a4d3a1dcd5af06dc3b4eed8c,Bike Share Toronto,Alton Ave / Dundas St E (Greenwood Park),43.66745,-79.329408,22,14,7,"43.667450, -79.329408"
365a0f49bf1c9b42c35b531688b9fed9,Bike Share Toronto,Blake St / Boultbee Ave,43.672453,-79.338259,15,8,7,"43.672453, -79.338259"
49021f20833894e3dbfaea4fb6e7a9dc,Bike Share Toronto,Eastern Ave / Winnifred Ave,43.6592088,-79.3348396,14,0,14,"43.659209, -79.334840"
3910976dfd5888140602a42b14637022,Bike Share Toronto,Gamble Ave / Broadview Ave,43.689211,-79.35438,23,13,10,"43.689211, -79.354380"
1fe2e0ad1678ffaf965b10e03a08aaf2,Bike Share Toronto,111 Bond St (North of Dundas St E)  - SMART,43.656927,-79.378497,16,5,11,"43.656927, -79.378497"
e565aef96d6d5fce5279ef6f24b9ce69,Bike Share Toronto,Dundas St E / Pembroke St - SMART,43.658295,-79.372346,16,10,6,"43.658295, -79.372346"
c765943cac057b6cac0946eff428bf5b,Bike Share Toronto,Victoria Park Subway Station - SMART,43.6940155,-79.2889842,20,13,7,"43.694015, -79.288984"
e0dec8b8f5ed285bfbd952bb253084f4,Bike Share Toronto,Wychwood Ave / Benson Ave - SMART,43.6809164,-79.4229684,16,16,0,"43.680916, -79.422968"
5ee5f79fc51737623d425310eb0bf02b,Bike Share Toronto,Lawton Blvd / Yonge St,43.6910667,-79.39535,15,6,9,"43.691067, -79.395350"
0daa4477ec313c30dc3036f4bd45e0ba,Bike Share Toronto,Yonge St / Davisville Ave,43.6975969,-79.39654,15,14,1,"43.697597, -79.396540"
e2911ec2b832c350dad0a8831a30d273,Bike Share Toronto,Fort York  Blvd / Capreol Ct,43.639832,-79.395954,35,23,10,"43.639832, -79.395954"
83af92756a52874ce9bade85f065f4d1,Bike Share Toronto,Madison Ave / Bloor St W,43.667158,-79.402761,15,3,12,"43.667158, -79.402761"
57ef343f4e12ae497e29c3693d922197,Bike Share Toronto,St. George St / Bloor St W,43.667333,-79.399429,19,19,0,"43.667333, -79.399429"
a0100ff8f210b72706e06b4c31a329fe,Bike Share Toronto,King St W / York St,43.6480008,-79.383177,23,6,17,"43.648001, -79.383177"
32cb4912f6d3269c070a43e658dea18d,Bike Share Toronto,University Ave / Elm St,43.656518,-79.389099,11,5,6,"43.656518, -79.389099"
75b9fc3e9bf42a5d26fa1393d9ce72ed,Bike Share Toronto,Rosehill Ave / Avoca Ave - SMART,43.687999,-79.38906,16,15,1,"43.687999, -79.389060"
d3e1a4057d9bf7c31c216017a0f1989b,Bike Share Toronto,Bloor St W / Dundas St W,43.6563889,-79.45166666666667,15,5,10,"43.656389, -79.451667"
8a4d335d5540e0c2132ffdb1def165f6,Bike Share Toronto,Bathurst St / Fort York Blvd,43.639179,-79.399595,19,6,13,"43.639179, -79.399595"
359ce82fbe9d1e9e9962321e62f6066f,Bike Share Toronto,Spadina Ave / Willcocks St,43.6616667,-79.40138888888889,15,11,3,"43.661667, -79.401389"
4077bf05c083f50d09a52487fd234193,Bike Share Toronto,Cariboo St / Rail Path,43.66666667,-79.45833333333334,19,12,7,"43.666667, -79.458333"
43e5df21054d20adc56c6aa3544b5980,Bike Share Toronto,Dundas St W / Edna Ave,43.657192,-79.452559,15,9,6,"43.657192, -79.452559"
6aa469025f8c5ff029052fab35bca1f4,Bike Share Toronto,College St / Major St,43.6576,-79.4032,15,6,8,"43.657600, -79.403200"
b086f4ccca33b1b976b40abe69b78d42,Bike Share Toronto,McGill St / Church St,43.660694,-79.379052,19,13,6,"43.660694, -79.379052"
0fa15700b0d780b8f810ced06a01760d,Bike Share Toronto,Queens Quay W / Dan Leckie Way,43.636533,-79.395854,27,7,20,"43.636533, -79.395854"
c3033415413ac24bf33672aa79838018,Bike Share Toronto,College Park South,43.659777,-79.382767,19,7,10,"43.659777, -79.382767"
ce6e330ba7f61e0453dc1567eaa02745,Bike Share Toronto,25 York St â€“ Union Station South,43.643667,-79.380414,11,1,10,"43.643667, -79.380414"
049c76540151608ec55bfcd0e1748f41,Bike Share Toronto,161 Bleecker St (South of Wellesley),43.666233,-79.373327,23,8,15,"43.666233, -79.373327"
55a100afdce605b59cf4acbefcdf3213,Bike Share Toronto,Spadina Ave / Fort York Blvd,43.640114,-79.393249,23,12,10,"43.640114, -79.393249"
422a936ddcb551dd9f26ec313a450057,Bike Share Toronto,Augusta Ave / Denison Sq,43.653766,-79.4016759,12,1,11,"43.653766, -79.401676"
24255acabde130aed03e152541b494fa,Bike Share Toronto,Lansdowne Subway Station,43.6587734,-79.443054,23,6,15,"43.658773, -79.443054"
e38ee1ccd4c3964a5c0d308d29403b88,Bike Share Toronto,Lansdowne Ave / Whytock Ave,43.6538888888889,-79.4413888888889,15,7,7,"43.653889, -79.441389"
fc5b892aa82601e2374e8c1772dde569,Bike Share Toronto,Sterling Rd / Dundas St W,43.6508333333333,-79.4430555555556,19,18,1,"43.650833, -79.443056"
90ec8d1df4740c1de95c087a11617c47,Bike Share Toronto,St Clarens Ave / College St,43.651238,-79.43868,15,14,0,"43.651238, -79.438680"
452241fc4e912119f006a20b4b0099cf,Bike Share Toronto,Ossington Ave / College St,43.6544915,-79.422634,11,9,1,"43.654491, -79.422634"
eb20e0b8c7c8bf1fc4157a3b715e2837,Bike Share Toronto,High Park Subway Station,43.6543604,-79.4655296,11,10,1,"43.654360, -79.465530"
baedec3042f7094d0564ef8a1295e5d8,Bike Share Toronto,Lake Shore Blvd W / Ellis Ave,43.635932,-79.465083,19,5,13,"43.635932, -79.465083"
196146f920152f5d70175a14f0e88184,Bike Share Toronto,Parkside Dr / Bloor St W - SMART,43.654501,-79.460053,12,3,9,"43.654501, -79.460053"
e4481e45d22462b01aca9513d8f5674e,Bike Share Toronto,Lake Shore Blvd W / Windermere Ave,43.634896,-79.467763,19,3,16,"43.634896, -79.467763"
0cf5a51077c51159b5d6c8ed5b4c9db5,Bike Share Toronto,Martin Goodman Trail (Marilyn Bell Park),43.6314,-79.4304,31,16,15,"43.631400, -79.430400"
59ef2a57efd0caf7727dbb6451bb8808,Bike Share Toronto,Lake Shore Blvd W / The Boulevard Club,43.636731,-79.444966,19,4,14,"43.636731, -79.444966"
fe00988a883c9469b82d17221ef1824b,Bike Share Toronto,Dundas St W / Roncesvalles Green P - SMART,43.6534268,-79.4512787,12,10,2,"43.653427, -79.451279"
f376aecd6bb0d97d5d1580e9537017dd,Bike Share Toronto,Erskine Ave / Yonge St SMART,43.7112153,-79.39894,16,15,1,"43.711215, -79.398940"
d04f206f6afecb72f5821586d56f5071,Bike Share Toronto,D'Arcy St / McCaul St - SMART,43.655227,-79.39201,15,13,2,"43.655227, -79.392010"
d7227eafd0ff8024632b2c9cef1f209c,Bike Share Toronto,Mortimer Ave / Carlaw Ave SMART,43.685167,-79.34962,12,9,3,"43.685167, -79.349620"
0ec9fc6c92f35e65f603cd6e7c550f1f,Bike Share Toronto,Cumberland Ave / Bay St SMART,43.6704537,-79.39014,9,5,4,"43.670454, -79.390140"
d9b63bdad84959af04feaa873f9c0eaf,Bike Share Toronto,20 Charles St E,43.6691099,-79.38551,22,15,3,"43.669110, -79.385510"
0ff8f31be644b9e2af6d38b89bf42c07,Bike Share Toronto,Niagara St / Tecumseth St,43.641389,-79.404444,15,4,11,"43.641389, -79.404444"
01caf8b12874b091f2fccc3818e3c72e,Bike Share Toronto,424 Wellington St W,43.643834,-79.396649,15,4,11,"43.643834, -79.396649"
bb30daddc7221e19cffecf3ac108f28c,Bike Share Toronto,Dundas St W / St. Patrick St,43.6545174,-79.3895315,19,13,6,"43.654517, -79.389532"
f52bcef41a84669da7a468cfc4531356,Bike Share Toronto,Robert St / Bloor St W - SMART,43.665846,-79.404998,18,15,2,"43.665846, -79.404998"
ccb82af3c137b126999a511eaead0f38,Bike Share Toronto,John St  / Mercer St - SMART,43.6461,-79.3895,12,7,5,"43.646100, -79.389500"
05d7abba295be4af9e74ca3ec241ebd7,Bike Share Toronto,Queen St E / Hammersmith Ave,43.671349,-79.29451,11,3,8,"43.671349, -79.294510"
973748f7f27229b41ca0d2a96dea777e,Bike Share Toronto,Queen St. E / Eastern Ave,43.667208,-79.312315,15,10,5,"43.667208, -79.312315"
e5a7fc18db4989ecaf70a7e98866faee,Bike Share Toronto,Hubbard Blvd / Balsam Av,43.669328,-79.288949,19,1,18,"43.669328, -79.288949"
c7cbc921ca5b8310e7218ca5669ad83f,Bike Share Toronto,Queen St. E / Spruce Hill Rd.,43.672571,-79.289,15,1,14,"43.672571, -79.289000"
d1de2ddc0ea8a90d00ff717ad60a2f23,Bike Share Toronto,Lower Spadina Ave / Lake Shore Blvd W,43.638497,-79.39192,19,5,13,"43.638497, -79.391920"
61291082be03c77f92f883b95292557a,Bike Share Toronto,Lower Coxwell Ave /  Lake Shore Blvd E,43.662771,-79.315223,15,12,3,"43.662771, -79.315223"
d60491c58bb95d6ddefb1f1b1ac3f56f,Bike Share Toronto,Amelia St. / Sumach St.,43.66852,-79.363525,11,5,6,"43.668520, -79.363525"
d81d4d6231b9da01ba7f3d6e50728ca8,Bike Share Toronto,Augusta Ave / Dundas St W,43.652473,-79.401456,15,7,8,"43.652473, -79.401456"
d0a8478c786cb2480de4fcecda844781,Bike Share Toronto,Queen St W / Ossington Ave,43.643975,-79.419576,23,1,22,"43.643975, -79.419576"
1053161189e46ea1c3122c94b644bc9d,Bike Share Toronto,Trinity St /Front St E,43.651318,-79.36023,19,1,18,"43.651318, -79.360230"
02feaaef65cff4671fb1935179895659,Bike Share Toronto,Dundas St W / Yonge St,43.656094,-79.381484,31,5,26,"43.656094, -79.381484"
b076c918fa10b274340bcdb0f0bca1a6,Bike Share Toronto,Kendal Ave / Spadina Rd,43.670318,-79.405181,9,9,0,"43.670318, -79.405181"
45be3a2b4a327ff6abac542ddc406738,Bike Share Toronto,Davenport Rd / Bathurst St,43.676667,-79.416111,27,11,16,"43.676667, -79.416111"
ad436e2a229c14d4611cbcacd7cf026f,Bike Share Toronto,Queen St W / Close Ave,43.640634,-79.435841,23,8,15,"43.640634, -79.435841"
dc268bf6d12c7311db0b5b61b3304b03,Bike Share Toronto,King St W / Joe Shuster Way,43.639444,-79.423611,15,4,11,"43.639444, -79.423611"
0abdfc3177000757dcd71bd4c8b479ee,Bike Share Toronto,Yarmouth Rd / Christie St,43.67,-79.42083333333333,11,7,4,"43.670000, -79.420833"
37c32c09c594b83701b3b8f6e32db605,Bike Share Toronto,Palmerston Ave / Vermont Ave,43.671389,-79.416389,15,12,3,"43.671389, -79.416389"
8536b57314846d3b42645c0023e6e60d,Bike Share Toronto,Christie St / Benson Ave (Wychwood Barns),43.68,-79.42500000000001,19,19,0,"43.680000, -79.425000"
8db5b143b08ea1fed85f0702fcfe01ec,Bike Share Toronto,King St W / Fraser Ave,43.6394444,-79.42527777777778,15,0,15,"43.639444, -79.425278"
879f0d4ef4403ab902e541528bf329f6,Bike Share Toronto,Macpherson Ave / Spadina Rd,43.675791,-79.40698,15,14,1,"43.675791, -79.406980"
c497911a9c04bebbbc32e5211c081f85,Bike Share Toronto,Bridgman Ave / Kendal Ave,43.675556,-79.410278,15,6,9,"43.675556, -79.410278"
2e19220f1e64559e88f3c48b3ebf2916,Bike Share Toronto,Bridgman Ave / Bathurst St,43.674444,-79.414722,15,11,2,"43.674444, -79.414722"
afa3ff2218a5d1817934c7c7c7bb5d19,Bike Share Toronto,Kendal Ave / Bernard Ave,43.671513,-79.408317,15,8,6,"43.671513, -79.408317"
ddba9c631e11fbae48e2be60289f60c2,Bike Share Toronto,Pretoria Ave / Broadview Ave,43.6783213,-79.35822,19,16,3,"43.678321, -79.358220"
a7ca61373064c6581461132f1ae050de,Bike Share Toronto,Broadview Ave / Westwood Ave,43.6848652,-79.356602,23,15,8,"43.684865, -79.356602"
62a1c39596c3d512dfa04f1d29b81035,Bike Share Toronto,Fulton Ave / Pape Ave,43.68395,-79.347046,19,7,11,"43.683950, -79.347046"
b960be1eba97f5aefc6ad39ecc93cb11,Bike Share Toronto,Cosburn Ave / Donlands Ave,43.690537,-79.341307,19,15,3,"43.690537, -79.341307"
908b17c0d06011373777bace0a3cd74c,Bike Share Toronto,Beltline Trail / Chaplin Cres.,43.704461,-79.423122,15,15,0,"43.704461, -79.423122"
d2ce6ae839b7df2c912ab140253a5574,Bike Share Toronto,Lake Shore Blvd E / Leslie St,43.659195,-79.329196,19,0,18,"43.659195, -79.329196"
1d35b8fd44d73aabbb39f6e142ee3e7e,Bike Share Toronto,King St E / Berkeley St,43.651885,-79.3649,17,2,15,"43.651885, -79.364900"
72de8a8e0a0966768f8115d755532e4c,Bike Share Toronto,Rosedale Park (20 Scholfield Ave),43.682645,-79.377557,23,15,8,"43.682645, -79.377557"
4c18c44e6f93e57321d327124945cb19,Bike Share Toronto,Mary McCormick Rec Centre (Sheridan Ave),43.6475,-79.43305555555555,15,2,13,"43.647500, -79.433056"
65b3d69f8a07aec4897e485e2ccb1461,Bike Share Toronto,Soho St / Queen St W,43.6494896,-79.393535,7,0,5,"43.649490, -79.393535"
071b427d1f3f600d6b9f35ca6576ebe2,Bike Share Toronto,Davenport Rd / Lansdowne Ave,43.671526,-79.44874,19,17,2,"43.671526, -79.448740"
08b57a79795bbd49a15e4a3692ee924f,Bike Share Toronto,Front St W / University Ave (2),43.6452972,-79.3827914,19,7,12,"43.645297, -79.382791"
fe806cf907683c67f4d2899eb4123f00,Bike Share Toronto,457 King St W,43.6452091,-79.3960744,19,3,16,"43.645209, -79.396074"
dad51db43939490092b81d8cea72e018,Bike Share Toronto,Dufferin St / Sylvan Av (Dufferin Grove Park),43.6555556,-79.43361111111112,19,0,18,"43.655556, -79.433611"
d1327be417a65e26c8bb501ea3e43a2b,Bike Share Toronto,Roxborough St W / Yonge St,43.678077,-79.390328,17,9,8,"43.678077, -79.390328"
d06ed2c21f6ff4e4cbc77b64e65bd801,Bike Share Toronto,Crawford St / Queen St W,43.645665,-79.415345,19,2,16,"43.645665, -79.415345"
97db697b7ef7a4de9ca17b9bd037e80f,Bike Share Toronto,Lisgar St / Dundas St W - SMART,43.6493472,-79.42668,8,4,4,"43.649347, -79.426680"
789f216e52af17d73307365401bb9109,Bike Share Toronto,Dundas St E / Regent Park Blvd,43.660207,-79.361275,27,6,21,"43.660207, -79.361275"
9c5b6e6af1002ebba73b6be3039e78a2,Bike Share Toronto,Lower Sherbourne St / The Esplanade,43.648655,-79.367061,27,10,17,"43.648655, -79.367061"
ceb52586adc7097b47183068a3d24862,Bike Share Toronto,Nelson St / Duncan St,43.648711,-79.389728,31,27,4,"43.648711, -79.389728"
4b5b510307e10e878321a5eaa419c976,Bike Share Toronto,Jimmie Simpson Park (Queen St E),43.6605603,-79.3437663,15,3,9,"43.660560, -79.343766"
ed77bb45e5a6964a4b94c780d5c21584,Bike Share Toronto,Queen St E / Sackville St,43.6561111,-79.36138888888888,15,13,2,"43.656111, -79.361389"
419d42f093b90ba03bd31b21039ff5f0,Bike Share Toronto,Mill St / Tannery Rd,43.652219,-79.354455,27,6,19,"43.652219, -79.354455"
b3fca97a4a4308fefb648b6815e3907d,Bike Share Toronto,Cherry St / Distillery Ln,43.650279,-79.356832,15,5,10,"43.650279, -79.356832"
17b0d8ca1c69eca14d3173c15fa144e4,Bike Share Toronto,Queen St W / Spadina Ave,43.649147,-79.395504,11,0,11,"43.649147, -79.395504"
6e85452c2c8acbdaa8f298911d9996ec,Bike Share Toronto,Yonge St / Harbour St,43.643795,-79.375413,39,19,19,"43.643795, -79.375413"
c4077147fd13aa009cb7f1a59b0f8178,Bike Share Toronto,Willcocks St / St. George St,43.662085,-79.397735,17,10,7,"43.662085, -79.397735"
b894ec8d0d8ab0f3a9bf708ee4c90d14,Bike Share Toronto,Dundas St E / Parliament St,43.659575,-79.365769,15,0,13,"43.659575, -79.365769"
771cba7a53aa4e47d29c790c9190ef40,Bike Share Toronto,51 Parliament St,43.65205,-79.362198,19,5,14,"43.652050, -79.362198"
195c1a917f697ab4b4fb52431e921423,Bike Share Toronto,Queen's Park / Bloor St W,43.668456,-79.393899,19,1,18,"43.668456, -79.393899"
e67960ae2a91a3adf6adf65a92dfd09f,Bike Share Toronto,Fort York Blvd / Bathurst St SMART,43.639052,-79.399792,20,7,12,"43.639052, -79.399792"
4b7f75302d4eec9130e1e486ba486571,Bike Share Toronto,Alma Ave / Gladstone Ave SMART,43.6448617,-79.42822,16,3,13,"43.644862, -79.428220"
b457bbc38d074d5a3ea939b4d6e0d873,Bike Share Toronto,Queen St W / Cowan Ave,43.6409,-79.432837,19,4,14,"43.640900, -79.432837"
990ad68fbc0ee51080e8e34b4f6aa917,Bike Share Toronto,Queen St W / Gladstone Ave,43.6430555555556,-79.4275,23,9,14,"43.643056, -79.427500"
1e01daecd9b52d95d82346c5c81d2ba0,Bike Share Toronto,Harbord St / Clinton St,43.660414,-79.415646,15,12,3,"43.660414, -79.415646"
82051b9dc79b4b401acc0872abc734a9,Bike Share Toronto,Central Tech  (Harbord St),43.661975,-79.407896,11,5,6,"43.661975, -79.407896"
4504736e6ccb393e9f89000f91479688,Bike Share Toronto,Roxton Rd / Harbord St,43.65905,-79.422988,11,10,0,"43.659050, -79.422988"
b4e20439535ceebae999cba2f02789eb,Bike Share Toronto,Ulster St / Bathurst St,43.66,-79.4088888888889,11,10,1,"43.660000, -79.408889"
09007b5f868cd54be0f040f9a9a75c42,Bike Share Toronto,Mortimer Ave / Coxwell Ave,43.690564,-79.326319,23,15,6,"43.690564, -79.326319"
7f29cbdced0d217c129cc9648f1becbe,Bike Share Toronto,Danforth Ave / Barrington Ave,43.688325,-79.300463,15,14,1,"43.688325, -79.300463"
722489dd6bf1f264c874454cf3f3f56a,Bike Share Toronto,Pacific Ave / Glenlake Ave,43.65716,-79.46478,23,22,1,"43.657160, -79.464780"
b1bb117ee97b3fef3ac3b57ae12329f8,Bike Share Toronto,Broadview Subway Station,43.6772,-79.35858,15,10,5,"43.677200, -79.358580"
524590c5d3e31674dbdbda29cf6a13c6,Bike Share Toronto,Church St  / Wood St,43.662712,-79.379903,19,16,3,"43.662712, -79.379903"
135f69ed3bde48aaf1d0006b4f080149,Bike Share Toronto,College Park - Gerrard Entrance,43.658938,-79.383518,25,12,13,"43.658938, -79.383518"
fe97ae335b31b6c455f340f397904d38,Bike Share Toronto,Danforth Ave / Coxwell Ave,43.683378,-79.322961,15,9,6,"43.683378, -79.322961"
d8db167197846ff7cbe59c9a35aed587,Bike Share Toronto,12 Harbour St,43.6425636,-79.3762,13,8,5,"43.642564, -79.376200"
391a459d2ca6e2c8eefa90736b2e9142,Bike Share Toronto,Howard Park Ave / Dundas St W - SMART,43.6521,-79.4486,12,9,3,"43.652100, -79.448600"
97a0a3eefa88468c8389efa6bbbd2f50,Bike Share Toronto,Yonge St / Bloor St,43.669969,-79.386532,14,12,2,"43.669969, -79.386532"
0ac5489c6a4750403c053598153880b0,Bike Share Toronto,Dufferin Gate - SMART,43.633473,-79.425679,16,6,10,"43.633473, -79.425679"
0e89e5d6c910f6df787cd9c903ade959,Bike Share Toronto,Lake Shore Blvd W / Ontario Dr,43.630254,-79.420317,35,9,24,"43.630254, -79.420317"
d0d6832dcab19b3cb35c2474d2e8c088,Bike Share Toronto,Bloor St W / Shaw Ave - SMART,43.662403,-79.423098,34,22,10,"43.662403, -79.423098"
beb87ea54499f95a614653924c99b9c4,Bike Share Toronto,Concord Ave / Dewson St,43.656945,-79.424911,17,17,0,"43.656945, -79.424911"
d8c6779ffdcc8889412fd4c9b0a08c35,Bike Share Toronto,Hocken Ave / Vaughan Rd,43.6817346,-79.4184725,19,19,0,"43.681735, -79.418472"
fba4560a5641afdb69a97d04466ef788,Bike Share Toronto,St Clair Ave W / Bathurst St.,43.683296,-79.418734,19,10,8,"43.683296, -79.418734"
a943462e1ee05f0073b647a5b787f81d,Bike Share Toronto,Queen St E / Nursewood Rd,43.673831,-79.281455,18,0,17,"43.673831, -79.281455"
e3c4ef5e47b905992ebcd262cc3df594,Bike Share Toronto,Kewbeach Ave / Kenilworth Ave,43.666325,-79.3014,23,12,10,"43.666325, -79.301400"
044fd938d016b91837e9b02be913b5c7,Bike Share Toronto,Dovercourt Rd / Harrison St (Green P) - SMART,43.651145,-79.423742,12,7,5,"43.651145, -79.423742"
c8cc2df4c8343778481f7f7c53499df7,Bike Share Toronto,Baldwin St / Spadina Ave - SMART,43.654905,-79.398448,20,2,18,"43.654905, -79.398448"
db9bcdbd258af5174a3e6d725807957e,Bike Share Toronto,Frederick St / King St E,43.651118,-79.369411,23,19,3,"43.651118, -79.369411"
2037c7d47c8b7babcd2c4a058a66a6c8,Bike Share Toronto,College St / Borden St,43.6571,-79.4056,11,4,7,"43.657100, -79.405600"
73555343619c6b9d1253029204bbd5cd,Bike Share Toronto,Beverley  St / Dundas St W,43.652823,-79.393388,31,15,16,"43.652823, -79.393388"
d4c9a3af6604468422edfb03f56462db,Bike Share Toronto,Bay St / St. Joseph St,43.665527,-79.387499,15,7,8,"43.665527, -79.387499"
6e0b53806a9d068b042fa21bd67c5418,Bike Share Toronto,Gould St / Mutual St,43.6582,-79.3768,29,19,10,"43.658200, -79.376800"
c6f56ec0831b791abbce0992adba6318,Bike Share Toronto,Riverdale Park North (Broadview Ave),43.671172,-79.354704,15,15,0,"43.671172, -79.354704"
3b2853992a1700739c8fa569801e1c48,Bike Share Toronto,Danforth Ave / Ellerbeck St,43.677076,-79.35667,14,6,8,"43.677076, -79.356670"
18f8c64419b95e0c4692621928ce7dd6,Bike Share Toronto,Pape Subway Station (Green P),43.680223,-79.344062,15,0,15,"43.680223, -79.344062"
a9f7723da0cc432f4d057e3ceede292e,Bike Share Toronto,Danforth Ave / Gough Ave,43.678401,-79.346289,17,16,1,"43.678401, -79.346289"
79b67fbfd130d41c9162e805a9e755be,Bike Share Toronto,Danforth Ave / Lamb Ave,43.681991,-79.329455,19,6,13,"43.681991, -79.329455"
667cd54aa27ec06620753f3d19a78b3d,Bike Share Toronto,King St W / Stafford St,43.6422222,-79.41111111111111,15,6,9,"43.642222, -79.411111"
37b46f2e5573e69f5451dc09c0c14660,Bike Share Toronto,Bathurst St / Lennox St,43.663808,-79.410491,19,10,9,"43.663808, -79.410491"
8db545a0135f7b92022fbdbbc75af6c4,Bike Share Toronto,Bathurst Subway Station,43.6666667,-79.41166666666668,23,22,0,"43.666667, -79.411667"
78ac4436b3398ac55b47569863af6c41,Bike Share Toronto,Bloor St W / Christie St,43.6638889,-79.41888888888889,19,13,5,"43.663889, -79.418889"
6d45f03d18059ba5e61f0d44a0cea59d,Bike Share Toronto,Ossington Ave / Bloor St W,43.661705,-79.425734,11,8,3,"43.661705, -79.425734"
cf1adac21d23e26855ea06278b5cd149,Bike Share Toronto,Essex St / Christie St - SMART,43.6686111,-79.42027777777778,19,15,4,"43.668611, -79.420278"
3863dd61e00ea66710f789ae4297a2d2,Bike Share Toronto,Westmoreland Ave / Fernbank Ave,43.665327,-79.43235,19,13,5,"43.665327, -79.432350"
46bdd4a2b7715a9e32917b830777f17f,Bike Share Toronto,Havelock St / Dufferin Park,43.657343,-79.43112,19,12,7,"43.657343, -79.431120"
6ac9cdf0b92883715b404d41c779af0b,Bike Share Toronto,Bathurst St / Adelaide St W,43.645324,-79.40345,25,20,5,"43.645324, -79.403450"
a0582ad73e21704a28197ee3c0aa4bcd,Bike Share Toronto,Mill St / Parliament St,43.650256,-79.36163,15,10,5,"43.650256, -79.361630"
bc19a4e6924e29937e76c9e82b55584c,Bike Share Toronto,Ossington Ave / Harrison St,43.651111111111106,-79.4213888888889,19,7,11,"43.651111, -79.421389"
71debce521f35fd4e280e8ee1e2dd8cc,Bike Share Toronto,80 Clinton St,43.656296,-79.414663,15,14,1,"43.656296, -79.414663"
5dd14c8888280d1274f6ad3e04f6d6cd,Bike Share Toronto,Claremont St / Dundas St W,43.651281,-79.411717,13,9,4,"43.651281, -79.411717"
d7bb48a755f69109f6584df0a207c9b2,Bike Share Toronto,Rusholme Park Cres / College St,43.65277778,-79.42972222,15,11,4,"43.652778, -79.429722"
e53f168eadc3a7e3b9704193c739cb12,Bike Share Toronto,College St / Crawford St,43.655,-79.418889,19,17,1,"43.655000, -79.418889"
a0a11d15c4bd8231d739f71d85a8f29c,Bike Share Toronto,Gerrard Square Mall (1010 Gerrard St E),43.668553,-79.338673,19,9,10,"43.668553, -79.338673"
3e05658e4bcad33e9d606744235dadcc,Bike Share Toronto,Queen St E / Alton Av,43.663912,-79.327987,19,14,5,"43.663912, -79.327987"
ab92855299769ca50b1354e489b31a31,Bike Share Toronto,Simcoe St / Wellington St W North,43.6462176,-79.3855048,15,0,15,"43.646218, -79.385505"
20671fface2f37dd6d2d4263534c29e5,Bike Share Toronto,Coxwell Ave / Plains Rd,43.69595,-79.328535,19,10,9,"43.695950, -79.328535"
67862da2d3680a6eaa417b8ce2d945d4,Bike Share Toronto,Carlaw Ave / Strathcona Ave,43.6753188,-79.3462789,15,9,5,"43.675319, -79.346279"
fbf3bb78beefa587d54c8b24e2533469,Bike Share Toronto,Logan Ave / Bain Ave,43.6720273,-79.3470557,11,3,8,"43.672027, -79.347056"
f42363acf4af847ca6fcdbe9b48c8290,Bike Share Toronto,Liberty St / Fraser Ave Green P,43.637981,-79.424146,19,2,17,"43.637981, -79.424146"
3c85f738ad60e03252f1d62fec2f34d6,Bike Share Toronto,King St W / Douro St,43.640885,-79.416379,11,9,2,"43.640885, -79.416379"
c7948cf5155f3ddaefa9a8279f203b5a,Bike Share Toronto,Queen St E / Berkeley St,43.6552778,-79.36583333333333,15,4,11,"43.655278, -79.365833"
908d3c912d6d67c7a5e2bb94d1ae7df3,Bike Share Toronto,Howard St / Sherbourne St,43.6712581,-79.376367,15,13,2,"43.671258, -79.376367"
13e6abf323682b291aadb3371ce32cc7,Bike Share Toronto,Carlton St / Parliament St,43.664524,-79.36793,27,11,15,"43.664524, -79.367930"
e46a04a7825e44fa858bc0cb00a4458a,Bike Share Toronto,Sumach St / Carlton St (Riverdale Farm),43.665867,-79.362506,14,9,5,"43.665867, -79.362506"
5db77b72334a7b8823a28662a03f8e38,Bike Share Toronto,King St W / Bay St (East Side),43.648575,-79.380042,19,6,13,"43.648575, -79.380042"
c955acbcda8513471837f2aa55a98fb1,Bike Share Toronto,Front St W / Blue Jays Way,43.643473,-79.390477,15,12,2,"43.643473, -79.390477"
6d07f3c1d79ff6816c5c04a7def6e6eb,Bike Share Toronto,Metro Hall Plaza,43.645859,-79.38783,27,16,10,"43.645859, -79.387830"
832ed21684e41502666f993fae2eeb87,Bike Share Toronto,Parliament St / Gerrard St,43.662132,-79.3656796,23,16,6,"43.662132, -79.365680"
019e5937c3fc120cee906770bca8fa69,Bike Share Toronto,Navy Wharf Crt / Bremner Blvd,43.640722,-79.391051,11,8,3,"43.640722, -79.391051"
3754aff9599513c7ba4e4649ea3818dd,Bike Share Toronto,Jarvis St / Carlton St,43.66207,-79.37617,15,8,7,"43.662070, -79.376170"
e0ae749c309ee887012688bbd69c8b10,Bike Share Toronto,Lake Shore Blvd E / Knox Ave,43.660206,-79.3244,11,9,2,"43.660206, -79.324400"
ee45e3b6a9f07f4581d82c06d9bd5f51,Bike Share Toronto,Hubbard Blvd. / Glen Manor Dr.,43.668633,-79.291162,15,0,15,"43.668633, -79.291162"
af0a7227a67fe55fb0c12597326e6b3b,Bike Share Toronto,Yonge St / Dundonald St - SMART,43.665801,-79.384796,12,6,6,"43.665801, -79.384796"
4f8770c2a0ee3962babd83913df2e99c,Bike Share Toronto,Bay St / Charles St W - SMART,43.668153,-79.38891,20,5,15,"43.668153, -79.388910"
d70594ad9c923bbbae6602d2dff4d154,Bike Share Toronto,Church St / Dundas St E - SMART,43.657024,-79.377257,15,1,14,"43.657024, -79.377257"
9a5a9a00b6f0cb77047f37e70887d891,Bike Share Toronto,Yonge St / Alexander St - SMART,43.662862,-79.383572,18,4,14,"43.662862, -79.383572"
f0af815a9e6c12bd0382843e03fd322f,Bike Share Toronto,Eglinton Ave W / Henning Ave SMART,43.7063473,-79.40161,20,15,5,"43.706347, -79.401610"
b3786025b3e4a46d9a21d6b82087cd12,Bike Share Toronto,Balliol St / Yonge St  SMART,43.6978701,-79.39419,20,19,1,"43.697870, -79.394190"
44bdbe8a2ac75fbe4cc0edf41fe1d4fa,Bike Share Toronto,Frobisher Ave / Lascelles Blvd,43.696708,-79.40045,19,19,0,"43.696708, -79.400450"
ba979c39b60f1144fc9dd91faaeeea64,Bike Share Toronto,Front St E / Scott St,43.6476616,-79.37549,10,1,9,"43.647662, -79.375490"
eb9f4cf130feebf9af0dc0225411eb98,Bike Share Toronto,Frederick St / The Esplanade,43.6487245,-79.36839,19,5,14,"43.648725, -79.368390"
52d497af695140c759b28d7bf63e94f4,Bike Share Toronto,King St W / Bay St (West Side),43.64852,-79.380576,38,14,23,"43.648520, -79.380576"
ee2e9277d3e8a86acbfdda0e395d1378,Bike Share Toronto,Elizabeth St / Edward St (Bus Terminal),43.656026,-79.385327,15,3,12,"43.656026, -79.385327"
90d36d6e81fff926a434e196e0a43d53,Bike Share Toronto,King St W / Spadina Ave,43.645323,-79.395003,18,1,16,"43.645323, -79.395003"
14d5d7e0f5a8e23c9b50f62ea39f725c,Bike Share Toronto,Glen Edyth Dr / Davenport Rd,43.677778,-79.405556,15,8,6,"43.677778, -79.405556"
3bfbe7d9edced07da6dd283495fb8170,Bike Share Toronto,Queens Quay / Yonge St,43.641646,-79.375308,31,12,16,"43.641646, -79.375308"
58c0d439a59414e5e23bf5021e264d79,Bike Share Toronto,Front St W / Bay St (North Side),43.646162,-79.378912,11,0,11,"43.646162, -79.378912"
f36d8ed5ff407fc4eab6c9cc344661f9,Bike Share Toronto,Danforth Ave / Westlake Ave,43.687323,-79.304848,15,11,4,"43.687323, -79.304848"
15fc89637ebe1c3e63fbe123d70819ee,Bike Share Toronto,Jarvis St / Isabella St,43.668991,-79.379385,23,6,16,"43.668991, -79.379385"
ef0363fb67db85c62cfe83b7032ade5b,Bike Share Toronto,Yonge St / Wood St,43.6622222,-79.3825,15,4,11,"43.662222, -79.382500"
9fcbcd2e313ddf16bc7200bede80e9a6,Bike Share Toronto,King St W / Tecumseth St,43.64333333333333,-79.40555555555557,19,14,4,"43.643333, -79.405556"
f5506a406fb49a19088bedd1d8e9cd2f,Bike Share Toronto,Beverley St / College St,43.6575,-79.39527777777778,23,15,8,"43.657500, -79.395278"
fc62f74abe3d79fa430f55f6f56e5e3a,Bike Share Toronto,Gould St / Yonge St (TMU),43.657424,-79.381019,23,0,22,"43.657424, -79.381019"
4b13a471170e0768fe5e1ca0b30fde8d,Bike Share Toronto,Front St W / Bay St (South Side),43.64595,-79.378761,19,1,18,"43.645950, -79.378761"
5e8bf46c90fa957882beddfb6625870b,Bike Share Toronto,Charles St W / Balmuto St - SMART,43.668427,-79.38725,20,6,13,"43.668427, -79.387250"
3ba9b248dbb5b0ffa30ec9807f14476c,Bike Share Toronto,Charles St E / Jarvis St - SMART,43.669604,-79.381171,20,16,3,"43.669604, -79.381171"
0690f86b4ecb172570d8e08b5f9004c3,Bike Share Toronto,Queen St E / Pape Ave - SMART,43.661673,-79.337789,16,7,9,"43.661673, -79.337789"
9796c16b7ac90260d9f033ba4735acea,Bike Share Toronto,Gerrard St E / Broadview - SMART,43.665656,-79.352055,18,18,0,"43.665656, -79.352055"
abbcc3b45ad10472c3ec35ce3fb6e078,Bike Share Toronto,Humber Bay Shores Park East,43.6308933,-79.4722622,23,6,16,"43.630893, -79.472262"
ec48a65298b460584afe2586c15c360c,Bike Share Toronto,Humber Bay Shores Park West,43.6224434,-79.480284,31,7,22,"43.622443, -79.480284"
21982c325ac8d5dcc146b350aa0e8298,Bike Share Toronto,Taddle Creek Park,43.66986,-79.398443,15,4,11,"43.669860, -79.398443"
82748c8c8a714dd216bcd4c636585556,Bike Share Toronto,Thompson St / Broadview Ave - SMART,43.659471,-79.350325,12,2,10,"43.659471, -79.350325"
16658c808dda522274b99346e8f815fb,Bike Share Toronto,Roncesvalles Ave / Marmaduke St,43.650492,-79.450842,19,9,10,"43.650492, -79.450842"
4d985c0489e4b123e499fcaa4b70e32e,Bike Share Toronto,Queen St W  /  Fuller Ave - SMART,43.640255,-79.439223,16,9,6,"43.640255, -79.439223"
2567d3e27e558c6e6ee94c289c838111,Bike Share Toronto,King St W / Cowan Ave - SMART,43.637922,-79.431734,16,1,15,"43.637922, -79.431734"
760056e88951946d2f3e9bea859333eb,Bike Share Toronto,Garden Ave / Roncesvalles Ave,43.643769,-79.447915,19,3,16,"43.643769, -79.447915"
c08362564d4889e345bfaaa42da5fb4f,Bike Share Toronto,Sorauren Ave / Geoffrey St - SMART,43.649172,-79.4445087,16,5,10,"43.649172, -79.444509"
c1375239981cfc9b3934e691cb9013bb,Bike Share Toronto,Bloor St W / Manning Ave - SMART,43.663912,-79.416124,20,13,6,"43.663912, -79.416124"
dcbcf9c681fbd3e77dfbea6df0e070bc,Bike Share Toronto,Simcoe St / Wellington St W South,43.6458569,-79.3853654,27,3,24,"43.645857, -79.385365"
29f79e7d7e4440c7554a3f3e3bae4f88,Bike Share Toronto,Mallon Ave / Jones Ave -SMART,43.66587,-79.33443,16,10,6,"43.665870, -79.334430"
8d65a48806e799a8c2d5dcb77e97c1cb,Bike Share Toronto,Berkeley St / Dundas St E - SMART,43.658816,-79.367318,19,6,13,"43.658816, -79.367318"
53fc6d540a0eac8fb9f5366572e53515,Bike Share Toronto,128 Sterling Rd - SMART,43.654004,-79.444792,20,15,5,"43.654004, -79.444792"
049156f7c0e19a53a77d8310d93eed0c,Bike Share Toronto,Sunnyside Ave / The Queensway - SMART,43.6397,-79.44865,19,3,16,"43.639700, -79.448650"
adaa360374ea04ae057eba2ca7ba3e5b,Bike Share Toronto,Sackville St / Eastern Ave - SMART,43.653809,-79.3595,12,7,5,"43.653809, -79.359500"
8485289697ef258129b2437308511fcb,Bike Share Toronto,Davenport Rd / McAlpine St - SMART,43.673768,-79.391253,12,7,5,"43.673768, -79.391253"
fb0ff514e9bb7798f0a682f36f644b05,Bike Share Toronto,Sumach St  / Queen St E,43.656638,-79.358749,19,17,2,"43.656638, -79.358749"
4898d236bceda7c4cb9430c896669537,Bike Share Toronto,Blythwood Rd / Yonge St - SMART,43.716652,-79.399993,11,8,2,"43.716652, -79.399993"
c835abf1540e63c50d5a879e5075387e,Bike Share Toronto,Gerrard St E / Main St,43.684261,-79.299332,22,20,2,"43.684261, -79.299332"
32b476b39dacc23dda545c39ffb549cc,Bike Share Toronto,Southwood Dr / Kingston Rd - SMART,43.678685,-79.297974,12,12,0,"43.678685, -79.297974"
de5dcf1ee9ccff065e01b4516b46f190,Bike Share Toronto,Neil McLellan Park,43.65143,-79.47779,15,4,10,"43.651430, -79.477790"
8aa5c061e4ae37e2e05b05d04afadc2e,Bike Share Toronto,Jane St / Bloor St W (Jane Subway Station),43.64976,-79.48477,15,7,8,"43.649760, -79.484770"
5f6ec96dda864a01fdf0c031b6a1b6d0,Bike Share Toronto,Antler St / Campbell Ave - SMART,43.664182,-79.449066,20,8,12,"43.664182, -79.449066"
4a5734eee8c1c49197ffe9b992dd032a,Bike Share Toronto,Clarence Square,43.64407,-79.3929,23,17,5,"43.644070, -79.392900"
ad299c229e85bba5b84af14933cfac77,Bike Share Toronto,Lake Shore Blvd W / Louisa St,43.61868,-79.48674,15,0,14,"43.618680, -79.486740"
41466727730d71a0286376ef3675d282,Bike Share Toronto,Front St W / Simcoe St,43.6442,-79.38702,19,7,12,"43.644200, -79.387020"
213541646a587196b1acb812a3d0a8ad,Bike Share Toronto,Lower Simcoe St / Bremner Blvd,43.64283,-79.38409,14,2,11,"43.642830, -79.384090"
1a68bd75d5159c7cc33367b97ee8ab8e,Bike Share Toronto,Glendonwynne Ave / Bloor St W,43.65182,-79.47421,19,3,16,"43.651820, -79.474210"
1dd10befe3fa0d7d7ebc657b9a01942b,Bike Share Toronto,Russell Hill Rd / St Clair Ave W,43.685569,-79.408019,19,9,10,"43.685569, -79.408019"
41ead9c9a4a83459161794bfb1894c07,Bike Share Toronto,Church St / Lombard St,43.651678,-79.375233,17,1,16,"43.651678, -79.375233"
888212c5d33ceed5acbab77b4e544689,Bike Share Toronto,Richmond St E / Yonge St,43.651838,-79.378743,17,8,9,"43.651838, -79.378743"
a0f722fb6a0db164e9f07ae1f0cad178,Bike Share Toronto,High Park Amphitheatre,43.645653,-79.464366,23,18,3,"43.645653, -79.464366"
189995604737e19f1b76cd3a3ff3aff9,Bike Share Toronto,Queen's Park Cres W / Hoskin Ave,43.665221,-79.394009,23,8,14,"43.665221, -79.394009"
fe268f3f2f439d0016dc46605491078e,Bike Share Toronto,Pottery Rd / Lower Don River Trail,43.688148,-79.362101,15,4,11,"43.688148, -79.362101"
70ad303e74f93aa2bfaea256b9b09753,Bike Share Toronto,Bleecker St / St James Ave,43.669232,-79.374495,23,11,12,"43.669232, -79.374495"
a7cdbedefded6e117505bde22c24ef84,Bike Share Toronto,Western Battery Rd / Pirandello St,43.640075,-79.414156,31,21,10,"43.640075, -79.414156"
fbcb8f44813b5f7eba282691176d9249,Bike Share Toronto,Carlaw Ave / Danforth Ave,43.678285,-79.347346,15,8,6,"43.678285, -79.347346"
280ce4cfc4b101f3a8a08843e4a258d6,Bike Share Toronto,Cosburn Ave / Cedarvale Ave,43.697139,-79.31469,15,11,4,"43.697139, -79.314690"
9d4f1f5d63ed3e297fc737908616f617,Bike Share Toronto,Goodwood Park Ct / Dentonia Park,43.694826,-79.295208,19,11,8,"43.694826, -79.295208"
0729b25bcf663b7a2278f01d63b50fcf,Bike Share Toronto,Eastwood Rd / Coxwell Ave,43.673118,-79.318651,19,4,15,"43.673118, -79.318651"
27e30ff4939a3992db39e99af9dfe172,Bike Share Toronto,Trent Ave / Danforth Ave,43.689293,-79.295895,23,19,3,"43.689293, -79.295895"
675628c054189e3bce23785d6574a24d,Bike Share Toronto,Orchard Park,43.66908,-79.3149,19,9,10,"43.669080, -79.314900"
32915794131e41a355ebee1ab9ad78fb,Bike Share Toronto,Clendenan Ave / Rowland St - SMART,43.66073,-79.47149,20,2,18,"43.660730, -79.471490"
2af03519040730b7df9ecaea677a1bdb,Bike Share Toronto,Martin Goodman Trail / Remembrance Dr,43.63121,-79.41414,26,0,26,"43.631210, -79.414140"
738cf12a45b36f443d7585aa9d55e3a9,Bike Share Toronto,Concord Ave / Bloor St W,43.66189,-79.42679,15,8,6,"43.661890, -79.426790"
1f5bb4fff3139fff3f927f1a4980dc1e,Bike Share Toronto,Gothic Ave / Quebec Ave,43.65389,-79.4675,19,18,1,"43.653890, -79.467500"
80b72e233168f3583180edfe5ec6fd01,Bike Share Toronto,Via Italia / Mackay Ave,43.676697,-79.445029,19,15,3,"43.676697, -79.445029"
3df6faa6bc73f93a672aa3e3004434f0,Bike Share Toronto,Rushton Rd / St Clair Ave W,43.68114,-79.4277,10,10,0,"43.681140, -79.427700"
8ab6f991fa3032ee2a20b1d34d50be01,Bike Share Toronto,Dundas St E / Boulton Ave - SMART,43.663148,-79.347938,16,2,14,"43.663148, -79.347938"
236729e04a979069b035a3070e608f6e,Bike Share Toronto,Gerrard St E / Leslie St,43.669813,-79.3335,22,14,8,"43.669813, -79.333500"
2800c972b83e435cecefcdb95078e435,Bike Share Toronto,Marilyn Bell Park Tennis Court,43.633537,-79.437461,27,9,17,"43.633537, -79.437461"
2c32c6a2dbfb666ee51150ce15e1b9a5,Bike Share Toronto,The Queensway at South Kingsway,43.63632,-79.47307,23,7,15,"43.636320, -79.473070"
9fa8f250a5b887af9cda8df6931f2eca,Bike Share Toronto,Merton St / Mount Pleasant Rd,43.697819,-79.38786,23,22,1,"43.697819, -79.387860"
c9395d274aa197587eb89f34e68e262a,Bike Share Toronto,Tyndall Ave / King St W - SMART,43.638426,-79.429142,16,3,13,"43.638426, -79.429142"
a3eb9012fe995bffeef3b7d02cfffbd1,Bike Share Toronto,College Park - Yonge St Entrance,43.65988,-79.38279,25,14,10,"43.659880, -79.382790"
39f55e6a94e610893f32c72f4601cdef,Bike Share Toronto,Bloor St W / Huron St,43.667023,-79.401805,27,6,21,"43.667023, -79.401805"
7c6f64117f740f5dc9114ebfb26a6247,Bike Share Toronto,Barton Ave / Howland Ave - SMART,43.66842,-79.410585,19,13,5,"43.668420, -79.410585"
d1bac3c8125c67909fa2e4a3cdf6b409,Bike Share Toronto,Keele St / Annette St,43.66402,-79.46418,15,13,2,"43.664020, -79.464180"
e7384509a60160b8e84403a3247255a5,Bike Share Toronto,Keele St / Vine Ave,43.66686,-79.46526,23,15,8,"43.666860, -79.465260"
56ff366ef56862dc34e4df414568d4b0,Bike Share Toronto,Howard St / Rose Ave,43.671278,-79.372127,19,1,18,"43.671278, -79.372127"
940aa4a33247df5ea989d1b07e125e5d,Bike Share Toronto,Little Norway Park,43.635023,-79.399505,22,8,14,"43.635023, -79.399505"
26edc0f88e4e012ab0d9930c725d5fba,Bike Share Toronto,Isabella St / Church St,43.66834,-79.38235,19,14,5,"43.668340, -79.382350"
21cff63a550f456e30a23efb4d8c3caf,Bike Share Toronto,University Ave / Armoury St,43.65263,-79.38766,23,21,2,"43.652630, -79.387660"
ef9dfe14fccf2237630ed9002c48fc3b,Bike Share Toronto,Lascelles Blvd / Eglinton Ave W,43.70547,-79.40355,19,8,11,"43.705470, -79.403550"
93727b82ed700768aa9695d49140f6b3,Bike Share Toronto,Polson Pier,43.641675,-79.354006,23,17,6,"43.641675, -79.354006"
f84773b4dcedcaea20de2c7e324d8c90,Bike Share Toronto,Dentonia Park,43.694341,-79.291416,23,10,13,"43.694341, -79.291416"
3d13e32b7336dbe2c6b2190df3ba8600,Bike Share Toronto,Lower Jarvis / Queens Quay E,43.64422,-79.36927,19,7,12,"43.644220, -79.369270"
009f180cf35ae1285733d98ccf058313,Bike Share Toronto,Summerhill Ave / Maclennan Ave,43.685924,-79.376304,11,10,1,"43.685924, -79.376304"
c452eea1e95d474e6f1b7ea545e79d1b,Bike Share Toronto,Queens Quay E / Lower Sherbourne St,43.645215,-79.364898,26,20,4,"43.645215, -79.364898"
1fe6812cc638f0e5080113daa9a7d77a,Bike Share Toronto,Wright Ave / Sorauren Ave - SMART,43.646677,-79.442741,18,2,16,"43.646677, -79.442741"
b4462a2daef20c76a3ff7c53326f10e4,Bike Share Toronto,Ellis Ave / The Queensway,43.63855,-79.46693,19,0,19,"43.638550, -79.466930"
1e83030210b6666f3fe29bade92f1181,Bike Share Toronto,High Park - Grenadier Cafe,43.645599,-79.4657123,11,6,5,"43.645599, -79.465712"
c102428e69ec84dd803fd2f51b8cfc83,Bike Share Toronto,Winona Dr / Davenport Rd,43.674923,-79.430465,11,7,4,"43.674923, -79.430465"
68185cf4a510f34c7dd396bb2fb7549a,Bike Share Toronto,Danforth Ave / Aldridge Ave,43.684758,-79.316767,11,10,1,"43.684758, -79.316767"
deb6cce4318ac072f72c4988efd9dbdf,Bike Share Toronto,Dundonald St / Church St,43.66663,-79.38148,36,12,23,"43.666630, -79.381480"
7f15a95a0104437a73d574be76cb4158,Bike Share Toronto,Gerrard St E / Malvern Ave - SMART,43.685221,-79.294766,19,19,0,"43.685221, -79.294766"
263344f0b04caa421826eceaadd15697,Bike Share Toronto,Bathurst St/Queens Quay(Billy Bishop Airport),43.635492,-79.398253,35,23,10,"43.635492, -79.398253"
624be8411d63932754479f0b710eaa97,Bike Share Toronto,Queens Quay W / Lower Simcoe St,43.63951,-79.383717,19,9,9,"43.639510, -79.383717"
082fdb9cce172f916dde26cc3a543b69,Bike Share Toronto,Bremner Blvd / Rees St,43.641529,-79.386741,23,15,8,"43.641529, -79.386741"
26c9984a5ec1ea1e7edb7fafa8d1e6f7,Bike Share Toronto,King St W / Crawford St,43.6417852,-79.4131148,23,13,10,"43.641785, -79.413115"
d52672d5cddbb77befa3d5d448fc2534,Bike Share Toronto,Yonge St / Dundas Sq,43.655766,-79.3802,27,5,21,"43.655766, -79.380200"
735f71a11ab473f25860d7366582a5fa,Bike Share Toronto,St Clair Ave W / Winona Dr,43.680466,-79.432522,11,10,1,"43.680466, -79.432522"
6f5d2f1ea5a0702ceb169480117ac9fd,Bike Share Toronto,Bay St / Wellesley St W,43.664088,-79.387095,51,13,38,"43.664088, -79.387095"
9c5267129912b44d3d8c91094256f1e2,Bike Share Toronto,Humberside Grounds - SMART,43.65917,-79.46997,20,10,9,"43.659170, -79.469970"
22cedcbf1b4580a7995f4e15843bd2ef,Bike Share Toronto,Bloor St E / Huntley St - SMART,43.671535,-79.379173,16,16,0,"43.671535, -79.379173"
ed02403ba3e67b969a9d5e10742b7d5b,Bike Share Toronto,Wellington St W / York St,43.646734,-79.38301,23,10,13,"43.646734, -79.383010"
aeeb1fa2ea65f1492a523f0477de71d7,Bike Share Toronto,Dalton Rd / Bloor St W,43.6662942,-79.4066433,15,12,2,"43.666294, -79.406643"
a249bee44425dc2b5c2f384a00a59f33,Bike Share Toronto,Davenport Rd / Christie St,43.675278,-79.423889,27,10,17,"43.675278, -79.423889"
24de23035684fccb1f588c7161489075,Bike Share Toronto,King St W / Jordan St,43.648928,-79.378623,10,1,9,"43.648928, -79.378623"
f622ddb7efda3e9074e12ac16bc7fdd7,Bike Share Toronto,George St / King St E,43.6509552,-79.3707,15,9,6,"43.650955, -79.370700"
aa101867125c9cc13920e34d881f86b2,Bike Share Toronto,E.T. Seton Park (Eglinton Ave E / Leslie St),43.715951,-79.351246,27,24,3,"43.715951, -79.351246"
6cdafdc1db0f73b22c3fd462fd984805,Bike Share Toronto,Woodbine Ave / Lake Shore Blvd E,43.665645,-79.304711,27,21,6,"43.665645, -79.304711"
1d827726987d707bbcd5562e02416b0e,Bike Share Toronto,King St W / Charlotte St,43.645572,-79.39399,23,8,15,"43.645572, -79.393990"
08d867cbed5f08addb01b714700eacf7,Bike Share Toronto,Jarvis St / Richmond St E,43.652777,-79.372637,19,7,10,"43.652777, -79.372637"
2d9b09d13ca6695d876ff08853469a24,Bike Share Toronto,Symington Ave / Dupont St,43.665538,-79.451263,15,11,4,"43.665538, -79.451263"
c9624aaf955b7fb236dcf2c8443c8fe9,Bike Share Toronto,King St E / Jarvis St,43.650325,-79.372287,25,13,11,"43.650325, -79.372287"
2d1d89a437dbc32634ba928744831860,Bike Share Toronto,Bay St / Bloor St W (East Side),43.66943,-79.38915,15,2,13,"43.669430, -79.389150"
179e575503c062aa31a47c6f67d492da,Bike Share Toronto,Bay St / Bloor St W (West Side),43.669244,-79.3894,19,3,16,"43.669244, -79.389400"
c627928483ecb6ae00b50fee53d608d0,Bike Share Toronto,Lonsdale Rd / Spadina Rd,43.688526,-79.412903,15,13,2,"43.688526, -79.412903"
ffc954e6f4228f59169c040483ebcc3a,Bike Share Toronto,Wells Hill Ave / St Clair Ave W,43.683351,-79.41562,15,14,1,"43.683351, -79.415620"
41b880ed1fe29761e25d4e3a492b563d,Bike Share Toronto,Dundas St E / George St,43.6574766,-79.373446,25,6,19,"43.657477, -79.373446"
c209afb99ac56fcd8f423e9365621ee7,Bike Share Toronto,Fleet St / Bathurst St,43.636611,-79.400042,23,1,19,"43.636611, -79.400042"
7f5ae543870ee8917aaa5022234c5e0b,Bike Share Toronto,Tecumseth St / Queen St W - SMART,43.646552,-79.406468,9,1,8,"43.646552, -79.406468"
045a7a6b973238dc76bc058e4f33f143,Bike Share Toronto,Wellington St W / Bay St,43.647259,-79.379878,27,15,11,"43.647259, -79.379878"
d00c14c6cffc4b0fb30239ec2410232c,Bike Share Toronto,Briar Hill Ave / Yonge St - SMART,43.713524,-79.400162,16,16,0,"43.713524, -79.400162"
9c2e322a9d2bd1035e3f607f96152a98,Bike Share Toronto,King St E / Church St,43.65003919999999,-79.3733541,15,0,15,"43.650039, -79.373354"
0f4f8c9f5e6417a981fe793e43984158,Bike Share Toronto,Bay St / Albert St,43.653264,-79.382458,35,20,13,"43.653264, -79.382458"
03cb067499bb9bc86cf0c884edb403bc,Bike Share Toronto,Wellesley St W / Queen's Park Cres,43.663376,-79.392125,18,16,2,"43.663376, -79.392125"
1630e350724cc062ba0e77e103728eac,Bike Share Toronto,Bay St / College St (East Side),43.660439,-79.385525,19,9,9,"43.660439, -79.385525"
76ff77a0c8d2de7ff02ab1ce2b719e22,Bike Share Toronto,University Ave / College St (West),43.659226,-79.390213,11,11,0,"43.659226, -79.390213"
2f10b834460965288d419163586f3f89,Bike Share Toronto,University Ave / College St (East),43.65995,-79.38964,14,14,0,"43.659950, -79.389640"
8402cda81d70fbc893e5337366df8d58,Bike Share Toronto,Queen's Park Cres E / Grosvenor St - SMART,43.661803,-79.389682,12,8,4,"43.661803, -79.389682"
d54842ca6cc3a96c8ebbd4101c620e66,Bike Share Toronto,Bay St / College St (West Side) - SMART,43.660087,-79.385655,12,9,3,"43.660087, -79.385655"
1ac23b3d20ad003acf2f9b1f8a2f2f0b,Bike Share Toronto,Superior Ave / Lake Shore Blvd W,43.6146692,-79.4873148,17,6,10,"43.614669, -79.487315"
b24ec0083f9a6261ba6212d69cd28f2c,Bike Share Toronto,Humber Bay Shores Park / Marine Parade Dr,43.626265,-79.476723,31,3,27,"43.626265, -79.476723"
50d8ed93a01d05c04298300fe52b5ac7,Bike Share Toronto,Lake Shore Blvd W / Colborne Lodge Dr,43.63771,-79.458173,27,1,25,"43.637710, -79.458173"
f897c08ea341fc832b7ca756cb0982ae,Bike Share Toronto,Ripley Ave / Ormskirk Ave,43.6390437,-79.4760109,22,9,13,"43.639044, -79.476011"
0ebd7e4e7c35126cda830c1c67bb3241,Bike Share Toronto,St Clarens Ave / Shirley St,43.6486599,-79.4376413,15,7,8,"43.648660, -79.437641"
b8cb26c3827d563e60826e8d8ddb8865,Bike Share Toronto,Lisgar Park,43.6423847,-79.4240277,23,19,4,"43.642385, -79.424028"
f926e2b4fe4ff841a24b2ac4962e62bd,Bike Share Toronto,Bartlett Parkette,43.6702236,-79.4360232,23,12,11,"43.670224, -79.436023"
791f66f190e1848c7eeeaf8b937e304f,Bike Share Toronto,Sherbourne St N / Elm Ave,43.6752732,-79.3778458,23,1,20,"43.675273, -79.377846"
068f5330e49bd7236864c7cbf904813f,Bike Share Toronto,Walnut Ave / Queen St W,43.645469,-79.411084,16,5,11,"43.645469, -79.411084"
36c244827ed3bd3ee314ab1d2781db2a,Bike Share Toronto,Vaughan Rd /Wychwood Ave,43.6882821,-79.4253856,19,9,10,"43.688282, -79.425386"
91b75f5884eca61cded2a3da80a6dc2b,Bike Share Toronto,Palmerston Ave / Dundas St W,43.651603,-79.408346,23,17,5,"43.651603, -79.408346"
e6151e077a7d8141f6ae96e6223d12e9,Bike Share Toronto,541 Huron St - SMART,43.670206,-79.402643,19,5,13,"43.670206, -79.402643"
03b565f085260e768988cd216fbeeef4,Bike Share Toronto,Euclid Ave / Herrick St - SMART,43.661559,-79.413845,16,1,15,"43.661559, -79.413845"
34a94fc072487f4615b041d2b7a6c659,Bike Share Toronto,Baldwin St / Henry St,43.6560758,-79.393259,15,6,9,"43.656076, -79.393259"
2b2e280f715656fb630b59ec9a6d1e0c,Bike Share Toronto,Orde St / McCaul St,43.6580442,-79.3927404,15,14,0,"43.658044, -79.392740"
026bf7c2104a659ef0392f1c22bc6e17,Bike Share Toronto,Ross St / Cecil St - SMART,43.6568254,-79.3966159,18,3,15,"43.656825, -79.396616"
b7461d8effda846e2f78dfbee059c433,Bike Share Toronto,Lake Shore Blvd W / Thirty Ninth Street,43.5927419,-79.54033009999999,19,13,6,"43.592742, -79.540330"
f1bad47f1bca16159267c0ad3e50fb1a,Bike Share Toronto,Lake Shore Blvd W / Twenty Fourth St,43.597082,-79.522768,19,3,16,"43.597082, -79.522768"
4d9f7ef78ba9859e04d259c1567d1d61,Bike Share Toronto,Windsor St / Newcastle St,43.6171635,-79.4971065,31,23,7,"43.617163, -79.497107"
1d5a56319adf364532940f86be71ce4b,Bike Share Toronto,Royal York Rd / Mimico Ave,43.612063,-79.496573,20,10,10,"43.612063, -79.496573"
0deaf45500eb93eeacff86adaafeb180,Bike Share Toronto,Berry Rd / Bell Manor Dr,43.63732,-79.489083,19,17,2,"43.637320, -79.489083"
4e5712234feb60f46fff461ab136e147,Bike Share Toronto,Humber College,43.5961692,-79.5160575,27,18,9,"43.596169, -79.516058"
8b49ce875b451df6dbe4fb4667acb3bd,Bike Share Toronto,Amos Waites Park,43.613606,-79.4883535,27,13,13,"43.613606, -79.488354"
d9d0c97c8f65e3fb4ebcd464a11f5522,Bike Share Toronto,Priscilla  Ave / Dundas St W,43.664665,-79.489385,23,8,15,"43.664665, -79.489385"
27b5be1cbbce21764b224e820c7f888c,Bike Share Toronto,Durie St / Dundas St W,43.665523,-79.484892,23,20,3,"43.665523, -79.484892"
600672c7f313e01de8bab00cbee9e7f4,Bike Share Toronto,St Clair Ave W / Castleton Ave,43.668496,-79.485426,19,7,12,"43.668496, -79.485426"
50dc0fcbc5a62a2cc676ada21ede905c,Bike Share Toronto,Weston Lions Park,43.698841,-79.519472,27,21,6,"43.698841, -79.519472"
6d6c301acbd12264042475dfd0e0e1e3,Bike Share Toronto,Annette St / Jane St,43.658574,-79.487246,15,14,1,"43.658574, -79.487246"
1e5bc0c0a2797265956ee948d6dcd49d,Bike Share Toronto,Jameson Ave / Queen St W,43.63985,-79.43703,27,7,20,"43.639850, -79.437030"
e933ad7ff4aae2c390d9f79c1043d657,Bike Share Toronto,Carlaw Ave / Dundas St E,43.665076,-79.341509,17,6,9,"43.665076, -79.341509"
c1704a7eebf0bff8016166d14fe130bd,Bike Share Toronto,Toronto Inukshuk Park,43.6323994,-79.40978179999999,47,22,24,"43.632399, -79.409782"
5bed66406f7431f8d4d8542d107225ea,Bike Share Toronto,Cosburn Ave / Durant Ave,43.6935477,-79.3301658,15,2,13,"43.693548, -79.330166"
124ed44b13876f8019e356d76ba645ee,Bike Share Toronto,Swansea Community Centre,43.6438036,-79.4770327,15,15,0,"43.643804, -79.477033"
12481528bb8d296c8bc4014306f36afd,Bike Share Toronto,Bellwoods Ave / Treford Pl - SMART,43.65246,-79.413528,20,19,1,"43.652460, -79.413528"
5282337e262f025cee74afaf2659b223,Bike Share Toronto,Bayview Ave / Lawren Harris Square,43.6548521,-79.35397680000001,15,8,7,"43.654852, -79.353977"
125e730a6da5714af8567ae352485337,Bike Share Toronto,The Queensway / High St,43.630874,-79.482407,23,9,14,"43.630874, -79.482407"
0b153cb4fe7873b109e3068cf99dbf74,Bike Share Toronto,Symington Ave / Davenport Rd,43.6704403,-79.45328549999999,13,6,6,"43.670440, -79.453285"
fb3867774f8ac943a838fb13a41bd1b6,Bike Share Toronto,Front St E / Bayview Avenue,43.6535,-79.354068,22,10,11,"43.653500, -79.354068"
8c4531a1d91e5583aff9759a5aedb46d,Bike Share Toronto,Oak St / Sumach St,43.6617908,-79.361515,27,5,21,"43.661791, -79.361515"
52028e6990a88dcf0aacffe1fbd5bf92,Bike Share Toronto,The Esplanade / Hahn Pl,43.649709,-79.364184,19,5,12,"43.649709, -79.364184"
4bb6659976fc4aaf5a141c488a405a00,Bike Share Toronto,439 Sherbourne St,43.666051,-79.374161,47,30,16,"43.666051, -79.374161"
f04359bb2878aa6d672474276e5017e4,Bike Share Toronto,Glebe Rd W / Yonge St,43.7005976,-79.397345,19,19,0,"43.700598, -79.397345"
9447917367c25ac832d404c1a4696615,Bike Share Toronto,Hillsdale Ave W / Yonge St,43.7029672,-79.3979073,15,12,2,"43.702967, -79.397907"
0b85c7861c4c48a4cd4fe140c913da57,Bike Share Toronto,Alvin Ave / St Clair Ave E,43.68871,-79.39264,19,18,1,"43.688710, -79.392640"
f0ef11b3bf1f1a2ab5d7a556fde038f6,Bike Share Toronto,Eglinton Ave W / Scarlett Rd,43.6834703,-79.5108942,22,19,3,"43.683470, -79.510894"
e228eced48bdb1f81b6b38456fdcad39,Bike Share Toronto,The Pond Rd / Sentinel Rd,43.7696262,-79.5025943,27,10,17,"43.769626, -79.502594"
71bf1ff10731929ec44b9dcce72edba6,Bike Share Toronto,Sentinel Rd / Finch Hydro Corridor,43.7641485,-79.5012809,27,15,10,"43.764148, -79.501281"
6a4d3e7625cc41d49674986b994fc5e1,Bike Share Toronto,Finch West Subway Station,43.76521,-79.491281,23,21,1,"43.765210, -79.491281"
bf413030081fe6f86c21b6412f4e4e1a,Bike Share Toronto,Dufferin St / Finch Hydro Recreational Trail,43.7724019,-79.4675395,19,18,1,"43.772402, -79.467540"
cfcbfa258711beff217aa9d929a3a3ea,Bike Share Toronto,G Ross Lord Park,43.7781116,-79.467963,19,14,5,"43.778112, -79.467963"
7a86196b811f1b13212052f5cd37e692,Bike Share Toronto,Elwood Blvd / Avenue Rd,43.707049,-79.40966,23,23,0,"43.707049, -79.409660"
2c429e9e841e213f875d2116cfab30e9,Bike Share Toronto,Roehampton Ave / Bayview Ave,43.711751,-79.378615,27,18,9,"43.711751, -79.378615"
482006b8f83e7802372448cd4dbd463d,Bike Share Toronto,Teddington Park Ave,43.732975,-79.40401,15,14,1,"43.732975, -79.404010"
b3ac9ac4dba9aff36e24ba60b6171308,Bike Share Toronto,Ursula Franklin St / Huron St - SMART,43.660274,-79.398049,20,8,12,"43.660274, -79.398049"
7978548b201c5c5ab2421bc2906bc446,Bike Share Toronto,Woodbine Ave / O'Connor Dr,43.699281,-79.318802,19,12,7,"43.699281, -79.318802"
65aefd1c1484ebd15a7827285971734e,Bike Share Toronto,Dawes Rd / Taylor Creek Trl,43.696631,-79.297436,19,14,5,"43.696631, -79.297436"
14971ec1c8aa07165b67710a2afb84c2,Bike Share Toronto,Queen St W / John St,43.650077,-79.391291,23,4,19,"43.650077, -79.391291"
812af6af42e905fac0cafcf05146f3ba,Bike Share Toronto,Fairmount Park,43.6765897,-79.3163022,19,5,14,"43.676590, -79.316302"
165388972f43146138b4f5180eead75a,Bike Share Toronto,Richmond St W / York St,43.650745,-79.383633,17,2,15,"43.650745, -79.383633"
3b0ffacf6f626924fb61b0d6d578561a,Bike Share Toronto,Sunnybrook Park,43.720233,-79.362092,27,22,5,"43.720233, -79.362092"
3dccd3e0582902632ace3ada9481abb0,Bike Share Toronto,Vaughan Rd / Oakwood Ave,43.6926825,-79.441042,19,18,1,"43.692682, -79.441042"
cca065ea85fe108c99c68759adf859ee,Bike Share Toronto,Braemar Ave / Eglinton Ave W,43.7041957,-79.4094472,14,13,1,"43.704196, -79.409447"
78a43fc13829a61f8db0c57c96572266,Bike Share Toronto,Eglinton Ave E / Redpath Ave,43.7078691,-79.39248,15,15,0,"43.707869, -79.392480"
e4d76b13daa3859403326b474684159d,Bike Share Toronto,Marie Curtis Park,43.5880774,-79.5432067,23,5,18,"43.588077, -79.543207"
4a491c94c9b46d3b7927b72a3bad0ab6,Bike Share Toronto,Guildwood GO Station (South),43.754978,-79.1971289,11,4,7,"43.754978, -79.197129"
0c49d15e80cceca5feb5a2bc84ddc2f5,Bike Share Toronto,Chorley Park - SMART,43.6856,-79.3718,20,13,6,"43.685600, -79.371800"
937a6d6b325ab59d5e0047f4b8eeb0ac,Bike Share Toronto,Cherry Beach,43.637764,-79.345359,49,38,9,"43.637764, -79.345359"
30c56fdec4d36ab0124297d6f0101490,Bike Share Toronto,Spadina Ave / Harbord St - SMART,43.6629228,-79.4018451,36,14,22,"43.662923, -79.401845"
4a1203492305451d3154777c392532f3,Bike Share Toronto,Ursula Franklin St / St. George St - SMART,43.660296,-79.397107,16,5,11,"43.660296, -79.397107"
07c0bbd2b5c108bacb3a32250af2a076,Bike Share Toronto,Rouge Hill GO Station,43.7805505,-79.1301203,25,25,0,"43.780550, -79.130120"
a70fe5dd2fa91d6c13d66b5415e9740e,Bike Share Toronto,Colonel Danforth Park,43.7777114,-79.1659711,19,17,2,"43.777711, -79.165971"
254006acb0d0299f535d3723f656ae67,Bike Share Toronto,Morningside Park (Highland Creek Trail),43.779353,-79.193023,23,22,0,"43.779353, -79.193023"
93699b431ac46c9e98b3b1c74cda8e95,Bike Share Toronto,Livingston Rd / Guildwood Pkwy,43.747854,-79.199327,19,13,6,"43.747854, -79.199327"
a3860ef7a1996bfe83863f7086adb77b,Bike Share Toronto,Livingston Rd (Highland Creek Trail),43.7561681,-79.2026694,19,15,4,"43.756168, -79.202669"
8bd81a9fcb43f04a9b8f80996312e61e,Bike Share Toronto,Twelfth St / Thirteenth St,43.6002896,-79.5108692,22,10,11,"43.600290, -79.510869"
ae8f902126cc9ad8f145c66ac996501b,Bike Share Toronto,Florence Gell Park,43.6615467,-79.498398,15,10,5,"43.661547, -79.498398"
c5db2e6382e20bec3e404aaf7ea89ccb,Bike Share Toronto,Wallace Ave / Pauline Ave,43.6632257,-79.4397052,17,13,3,"43.663226, -79.439705"
d747893c66003f215b8502161eb40f5e,Bike Share Toronto,Kingston Rd / Beech Ave,43.680095,-79.291714,15,11,4,"43.680095, -79.291714"
0153756b9e136b96e730aaa2f048227f,Bike Share Toronto,Victoria Park Ave / Danforth Ave,43.691468,-79.288619,19,18,1,"43.691468, -79.288619"
ded51d399ed59c94c0a464202fc09fe0,Bike Share Toronto,Union Station,43.645609,-79.380386,43,23,19,"43.645609, -79.380386"
b5012608da25a66be2fe79465186ff62,Bike Share Toronto,Hayter St / Laplante Ave,43.6591666666667,-79.3855555555556,23,2,21,"43.659167, -79.385556"
033dd75f330fec10400341177c68036e,Bike Share Toronto,Seaton St / Dundas St E - SMART,43.658777,-79.369596,32,26,6,"43.658777, -79.369596"
080c6cc1f827d976fd75f9ccf53db95c,Bike Share Toronto,Lundy Ave / Etienne Brule Park,43.6625395,-79.5030161,15,3,12,"43.662540, -79.503016"
5f02574f10f8ec2871df512546cf6f65,Bike Share Toronto,Chiltern Hill Rd / Eglinton Ave W,43.7004017,-79.4275305,17,17,0,"43.700402, -79.427531"
3e8872d5357f08ebd702863ab04e913e,Bike Share Toronto,Torresdale Ave / Antibes Dr,43.77953,-79.45233,15,11,3,"43.779530, -79.452330"
126121fbcccd20a50c8bd94206c7d81b,Bike Share Toronto,Esther Shiner Stadium,43.7774374,-79.4447096,23,10,13,"43.777437, -79.444710"
a2e02c044b1d003adb0993f8da78ee58,Bike Share Toronto,St. George St / Hoskin Ave,43.6637403,-79.39806449999999,15,11,3,"43.663740, -79.398064"
70222e00b684e247dd3f982cfb268e2e,Bike Share Toronto,Fleming Cres / Bayview Ave,43.707045,-79.375437,15,14,0,"43.707045, -79.375437"
af8ef901117705bf69e591e81d28a15f,Bike Share Toronto,King St E / Victoria St,43.6495789,-79.3762096,19,10,9,"43.649579, -79.376210"
9ee0fa9e2c3afc338a74a6b49af02e41,Bike Share Toronto,Alameda Ave / Vaughan Rd - SMART,43.690903,-79.4375028,16,15,1,"43.690903, -79.437503"
bcf5ea04f184984e5cbd8571527636ff,Bike Share Toronto,Adelaide St W / Strachan Ave,43.643253094827294,-79.41230469904167,15,5,10,"43.643253, -79.412305"
9c10c5f861261da626f9707ada4e8e04,Bike Share Toronto,Royal York Rd / Lake Shore Blvd W,43.6029904,-79.4926867,19,3,15,"43.602990, -79.492687"
48a626ef3a6cfbbccdaea283ce5901c6,Bike Share Toronto,Runnymede Rd / Annette St,43.6596299,-79.4799176,15,8,6,"43.659630, -79.479918"
57f2fc67a917b973ca7f31a994e0c63a,Bike Share Toronto,Salem Ave / Bloor St W,43.6608333,-79.43166666666667,15,7,7,"43.660833, -79.431667"
8ef3bc5ab6805d2c5411023f4318d778,Bike Share Toronto,Dufferin St / Bloor St W,43.66083333333333,-79.43583333333333,22,21,1,"43.660833, -79.435833"
407c8fc47ef8f822af020375a4f7dc79,Bike Share Toronto,Davisville Ave / Pailton Cres,43.69933,-79.39199,19,18,1,"43.699330, -79.391990"
3afcafcea065abef8dd2beafcb78c7bd,Bike Share Toronto,High Park Ave / Dundas St W,43.6653032,-79.4701178,15,7,8,"43.665303, -79.470118"
e6588e3838b256ab32f9b7db54be5a66,Bike Share Toronto,Judson St / Royal York Rd,43.6162721,-79.4990363,19,13,6,"43.616272, -79.499036"
b29cba584424066f83f374b2c3fe1780,Bike Share Toronto,Wilket Creek Park,43.720645,-79.355474,27,13,14,"43.720645, -79.355474"
87722dd793400f7a61a96a59b9133e4f,Bike Share Toronto,Annette St / Dundas St W,43.6641174,-79.4588522,15,15,0,"43.664117, -79.458852"
d6d49f7d4ddb2cd466938a1b424c1412,Bike Share Toronto,Noble St / Queen St W,43.6424558,-79.4296346,15,3,12,"43.642456, -79.429635"
51987cd2ab0d05eeb2f79bcb596e348b,Bike Share Toronto,Oriole Pkwy / Kilbarry Rd,43.6954486,-79.4026176,19,18,0,"43.695449, -79.402618"
b20ef84c05107095581cdd50b2bb4a2c,Bike Share Toronto,East Lynn Ave / Danforth Ave,43.6850809,-79.3149901,15,9,6,"43.685081, -79.314990"
c4a01864ecb66e9b1ee3023d3205a281,Bike Share Toronto,Langford Ave / Danforth Ave - SMART,43.6800218,-79.3405681,16,12,4,"43.680022, -79.340568"
3c7236f4a281b569b57f40c0bf29c4ca,Bike Share Toronto,University of Toronto Scarborough,43.7842419,-79.1849889,16,16,0,"43.784242, -79.184989"
df0ee6e75eb32441818a11d990fa844a,Bike Share Toronto,190 Queens Quay E,43.6451308,-79.36536439999999,15,11,3,"43.645131, -79.365364"
85057ad3c01264f6156b498b79127be3,Bike Share Toronto,324 Cherry St,43.6482995,-79.3552533,19,18,1,"43.648300, -79.355253"
9703f67f16a349591949e76da3714b61,Bike Share Toronto,Elm St/ University Ave (East Side),43.65637299999999,-79.38781039999999,17,6,11,"43.656373, -79.387810"
7dca1895f7959f80ebcfda3226669c97,Bike Share Toronto,Walton St / Elizabeth St - SMART,43.657838,-79.38631,20,7,13,"43.657838, -79.386310"
b1685246ce6cfe5b9d621a1991c3cedb,Bike Share Toronto,Waterfront Trail (Rouge Hill),43.778015,-79.131911,19,13,6,"43.778015, -79.131911"
c0538b0581a59e1e7321a382b5ab17ab,Bike Share Toronto,St Clair Ave W / Gunns Rd,43.672079,-79.470171,23,11,12,"43.672079, -79.470171"
052763ac927bce9197aa6381f508576f,Bike Share Toronto,Pape Ave / Gamble Ave,43.690237,-79.350119,19,14,5,"43.690237, -79.350119"
0faf9e7c7d5403b8f7dc7574fa6d0c6e,Bike Share Toronto,Roehampton Ave / Mount Pleasant Rd,43.70942,-79.39139,19,18,1,"43.709420, -79.391390"
f3aa2a6bb24e5012b030c6810cf39964,Bike Share Toronto,Church St / Bloor St E,43.671389,-79.382919,15,14,1,"43.671389, -79.382919"
6fcf6974fe1a08b20ab7f70d70da6cb0,Bike Share Toronto,200 Bloor St E,43.671561,-79.38117,23,13,10,"43.671561, -79.381170"
9aa46dbe18122201a50183e5602a7c9e,Bike Share Toronto,Bloor St W / Balmuto St,43.669903,-79.387802,11,10,1,"43.669903, -79.387802"
fb2618cee3456166ccc52c3ceeae13c6,Bike Share Toronto,Moore Park,43.693256,-79.383238,14,14,0,"43.693256, -79.383238"
e473bffc39f79fdd42e27583ccbe0709,Bike Share Toronto,Bloor St W / Pacific Ave,43.65412449999999,-79.4636388,7,5,2,"43.654124, -79.463639"
3d71c9ff5bcbaad794a49115e11786e3,Bike Share Toronto,Danforth Ave / Dewhurst Blvd,43.680207,-79.339243,15,11,4,"43.680207, -79.339243"
fea3f9dfbcc18225728f10913c5d3d5b,Bike Share Toronto,Bloor St W / Brock Ave,43.6589882,-79.438715,11,7,4,"43.658988, -79.438715"
f3a880cb5277285662d2d68f5523488d,Bike Share Toronto,Davenport Rd / Dovercourt Rd - SMART,43.6741219,-79.4352208,16,15,1,"43.674122, -79.435221"
844d02b2b7dfdabf7bd044c3edf050d5,Bike Share Toronto,1 Market St - SMART,43.6469928,-79.3706665,19,12,7,"43.646993, -79.370666"
3d38244751d3c44617f0066466a3bc7d,Bike Share Toronto,Brick Works,43.683884,-79.36647,25,15,10,"43.683884, -79.366470"
ff06d212a977a2d3ebb441f4b690b852,Bike Share Toronto,University Ave / Gerrard St W (WEST) - SMART,43.6578449,-79.3899265,18,18,0,"43.657845, -79.389927"
2b4c28b78247a24037bcff2ad8fcc605,Bike Share Toronto,University Ave / King St W - SMART,43.6477785,-79.3847928,23,16,7,"43.647779, -79.384793"
9d7e8386839f9d834777d1cf0a8482c1,Bike Share Toronto,Amroth Ave / Danforth Ave,43.6856128,-79.31168269999999,19,14,5,"43.685613, -79.311683"
10722d0c5054c529a0d71f9eb2c89f92,Bike Share Toronto,Summerhill Subway Station,43.681944,-79.390556,11,8,3,"43.681944, -79.390556"
519ee649fcd1ad28beade12953db3732,Bike Share Toronto,Highfield Rd / Gerrard St E,43.671771,-79.324961,19,11,8,"43.671771, -79.324961"
aec7195bb028b992ab8536f51c7d37f8,Bike Share Toronto,Niagara St / Richmond St W,43.64534,-79.409597,26,23,3,"43.645340, -79.409597"
b1c628d5509021c582f104bc3089e514,Bike Share Toronto,Beaty Ave / Queen St W,43.6393107,-79.4408141,19,7,11,"43.639311, -79.440814"
f889b35bb8077eaa77f35bed4d524e89,Bike Share Toronto,Blantyre Park,43.68306889999999,-79.279682,23,16,7,"43.683069, -79.279682"
7e8db6cca9980f9b6daf293197f25fc4,Bike Share Toronto,Queen St E / Rushbrooke Ave,43.6626628,-79.3323698,15,6,9,"43.662663, -79.332370"
34ec939e3772ab6f8f9be4ae0c98f3a2,Bike Share Toronto,Donlands Subway Station,43.681114,-79.3373885,15,15,0,"43.681114, -79.337389"
1cc9575bb686fa4a3eb7f4afbdea5073,Bike Share Toronto,Lynn Williams St / East Liberty St - SMART,43.638925,-79.4168659,15,6,9,"43.638925, -79.416866"
cf43a77e34066db8b926a42b49814963,Bike Share Toronto,Eastwood Rd / Woodbine Ave - SMART,43.676216,-79.309395,14,7,6,"43.676216, -79.309395"
cba34e4c09c97a6336b871002f6ffb41,Bike Share Toronto,Victoria St / Queen St E,43.652822,-79.378208,23,0,22,"43.652822, -79.378208"
48f8a355073b35f8720761c96f77d86b,Bike Share Toronto,285 Victoria St,43.656633,-79.379625,19,0,19,"43.656633, -79.379625"
c147f315755b1b1e79467fab3aaf3cb4,Bike Share Toronto,Gerrard St E / Victoria Park Ave - SMART,43.686962,-79.286864,16,13,3,"43.686962, -79.286864"
199a939521be6324c802d8d50ebeb4a8,Bike Share Toronto,Kilgour Rd / Rumsey Rd,43.718039,-79.371914,17,16,1,"43.718039, -79.371914"
04cadbe0f9b27f89f5fa6f6dbdea0883,Bike Share Toronto,Bay St / Scollard St,43.672152,-79.39018,15,7,6,"43.672152, -79.390180"
be90e51f9b29e31ae1d40a8dea028dcf,Bike Share Toronto,Weston Rd / St Clair Ave W - SMART,43.673019,-79.467994,19,1,17,"43.673019, -79.467994"
4704fb679220b3879edfa3a853d55fbd,Bike Share Toronto,Sunnybrook Health Centre - L Wing,43.72268,-79.37644,15,13,2,"43.722680, -79.376440"
8e40f60a48a909297b4114be18956d5c,Bike Share Toronto,Dundas St W / St Helen's Ave - SMART,43.6504218,-79.4407647,26,21,5,"43.650422, -79.440765"
2ad52acd0c231c654b488e03060224f2,Bike Share Toronto,Yonge St / St Clair Ave,43.68850459999999,-79.3940052,19,18,0,"43.688505, -79.394005"
1a0670e4e55fe4259c105c6803651334,Bike Share Toronto,Spadina Ave / Blue Jays Way,43.641705,-79.393295,31,18,13,"43.641705, -79.393295"
9d145fd59618d68dab06dba1c8900fe9,Bike Share Toronto,Bloor St W / Riverside Dr,43.647663,-79.487583,23,14,9,"43.647663, -79.487583"
ea3315c38d0d6b79d5e38457850a1cfc,Bike Share Toronto,Sunnybrook Health Centre - S Wing,43.720998,-79.377456,11,11,0,"43.720998, -79.377456"
9e3c071c1a1b47ea05a20fa713416614,Bike Share Toronto,Yonge St / Woburn Ave - SMART,43.72814640000001,-79.4032194,12,10,1,"43.728146, -79.403219"
238f97722fa9fb7a59373178433ee0bb,Bike Share Toronto,Simcoe St / Michael Sweet Ave,43.652327224103,-79.3882538196087,19,18,1,"43.652327, -79.388254"
bac1dcd28fcdff0438987edfef742154,Bike Share Toronto,Queen St W / Dovercourt Rd,43.6438602,-79.4227573,11,6,5,"43.643860, -79.422757"
71961f09b446af63132eb0aa2b1fff78,Bike Share Toronto,Yonge St / Montgomery Ave - SMART,43.7093201,-79.3996301,12,12,0,"43.709320, -79.399630"
b5473ba8329a31e18dfbc5067cf61369,Bike Share Toronto,King's Mill Park,43.64920406876699,-79.49336334201408,27,11,16,"43.649204, -79.493363"
ac69c04aecded671ae0de9f0ab51873b,Bike Share Toronto,University Ave / Richmond St W,43.6503935,-79.3860211,35,14,20,"43.650393, -79.386021"
2a56ebfe680276d40a591ef322457f70,Bike Share Toronto,135 Queens Wharf Rd - SMART,43.6399714,-79.39940399999999,16,10,6,"43.639971, -79.399404"
fc6389e5eba6c99ed3c0185b65c9cb5c,Bike Share Toronto,406 Oakwood Ave,43.68827060022711,-79.43937767081853,19,19,0,"43.688271, -79.439378"
3681db49ef2d337bfb035ab1ac33e2c2,Bike Share Toronto,Granby St / Church St - SMART,43.6614605,-79.37894570000002,24,15,8,"43.661460, -79.378946"
d10b85cd917407519f2491252a022a01,Bike Share Toronto,Lumsden Ave / Eastdale Ave,43.69413548199171,-79.30058718775287,20,4,16,"43.694135, -79.300587"
2cf04264d349d318f68193444d9c5ad0,Bike Share Toronto,Yonge St / Lawrence Ave E,43.7254665,-79.40115449999999,23,21,2,"43.725467, -79.401154"
b63112d639d75af6c2e5481df147cf77,Bike Share Toronto,Yonge St / Orchard View Blvd,43.7083577,-79.39886200000001,35,15,19,"43.708358, -79.398862"
8e1aceb253c43b2648c7a7bc41ae1023,Bike Share Toronto,Hanna Ave / Liberty St,43.63840090000001,-79.4197107,17,15,1,"43.638401, -79.419711"
7398115d8ae10074445ef787822317dd,Bike Share Toronto,Lower Don River Trail and Taylor Creek Trail,43.7027268,-79.33368089999999,19,14,4,"43.702727, -79.333681"
3941abb3cf0f4b0fed316e0a2ed7452f,Bike Share Toronto,St Columba Pl / St Clair Ave E,43.70567,-79.310554,18,11,6,"43.705670, -79.310554"
9eb5acc897b27515ad12ee8fade63062,Bike Share Toronto,Strachan Ave / Princes' Blvd,43.635,-79.4088888888889,19,15,3,"43.635000, -79.408889"
8b5819a5a6fb1ea79521a607ebb0a5ab,Bike Share Toronto,King St E / River St,43.656784782853144,-79.35627385059036,15,1,13,"43.656785, -79.356274"
bc0aa12455a97e86cf1be415300027db,Bike Share Toronto,Yonge St / Golfdale Rd,43.732016,-79.403637,15,12,3,"43.732016, -79.403637"
3c82caf01f887871b4e27b9e9616cf77,Bike Share Toronto,909 Yonge St,43.67515255542865,-79.38849615969643,14,13,1,"43.675153, -79.388496"
685abb6b7df0fc0b474505ef5e2663fe,Bike Share Toronto,640 Bloor Street E,43.67468857448634,-79.36701962396272,19,17,2,"43.674689, -79.367020"
2fe7046cdd8cc701a2240f52b9e8555f,Bike Share Toronto,York University (Glendon Campus) - SMART,43.727365488246306,-79.3814254607724,16,16,0,"43.727365, -79.381425"
37b4b6822fe05d33d64c2a174a23a4ee,Bike Share Toronto,1303 Yonge St - SMART,43.6846177,-79.39245919999999,16,5,11,"43.684618, -79.392459"
db63343ae1e174637ed6eba3912c4440,Bike Share Toronto,York University Station (South) - SMART,43.77345,-79.5002,16,15,1,"43.773450, -79.500200"
ef56a1cd06ce475b3420570afbced3fa,Bike Share Toronto,Woodbine Subway Station,43.686442,-79.313404,15,11,4,"43.686442, -79.313404"
e5f767772c705d8231b6b198de4aa458,Bike Share Toronto,Spadina Ave / Sussex Ave - SMART,43.66402799999999,-79.40297869999999,35,16,18,"43.664028, -79.402979"
fc7fa6476f3fce587eeb9e2200faa005,Bike Share Toronto,Simcoe St / Queen St W,43.65049,-79.3873,39,19,17,"43.650490, -79.387300"
a93e2f7df07b08d45c3ae0a1502c184c,Bike Share Toronto,Bathurst St / Front St W,43.64134790000001,-79.4013882,27,12,12,"43.641348, -79.401388"
ca19ceffb308e52cc30e908f7dd57475,Bike Share Toronto,Bay St / Harbour St (East),43.64215,-79.377,23,9,13,"43.642150, -79.377000"
b64e9d0701f0c67b654468e6bfdba32a,Bike Share Toronto,East Liberty St / Western Battery Rd,43.6392777,-79.4115736,18,10,8,"43.639278, -79.411574"
5e955f1219b3ebaf906b808073da5e1e,Bike Share Toronto,King St W / Brant St,43.645102,-79.39744979999999,22,16,5,"43.645102, -79.397450"
3a6af188aaae40c51d6ec8d22cd104d2,Bike Share Toronto,Bloor St W / Gladstone Ave - SMART,43.6602021,-79.4342726,10,4,6,"43.660202, -79.434273"
479d21ebdac47eb8e30a209268e0bebe,Bike Share Toronto,High Park Blvd / Parkside Dr,43.644887,-79.45641169999999,15,10,5,"43.644887, -79.456412"
9be84ceedbc228a38abe565a95d0d0ab,Bike Share Toronto,20 Eaton Ave,43.680012,-79.34403250000001,26,4,18,"43.680012, -79.344033"
3ffc414d28a17036998674a120f66c6f,Bike Share Toronto,Fort York Blvd / Garrison Rd,43.637381,-79.406112,15,12,3,"43.637381, -79.406112"
32444ff0455dc908ae997a28379ebe7d,Bike Share Toronto,Housey St / Dan Leckie Way,43.63811,-79.397877,27,12,15,"43.638110, -79.397877"
bf59891d338ebdd311b6d839cdde77b8,Bike Share Toronto,1525 Dundas St W,43.64957,-79.432446,15,14,0,"43.649570, -79.432446"
32b49dd6da901eac98ec2028f4447d71,Bike Share Toronto,85 Lee Ave,43.6700692,-79.2971326,26,9,16,"43.670069, -79.297133"
a5836251279be7a7699855d904f4ddf0,Bike Share Toronto,Mutual St / Shuter St (Arena Gardens),43.6559476,-79.37558829999999,19,12,7,"43.655948, -79.375588"
010507feed5b8d87c40cd95933ed5654,Bike Share Toronto,Queen St E / Joseph Duggan Rd,43.6677628,-79.30811709999999,18,15,3,"43.667763, -79.308117"
941a4749a64f58b21da983a2c679ee40,Bike Share Toronto,Heyworth Cres / Kingston Rd,43.6750806,-79.3068697,19,12,7,"43.675081, -79.306870"
d9103bade315662e56fbbc902b342ee6,Bike Share Toronto,St Clair Ave W / Caledonia Rd,43.6754247,-79.4547813,13,7,6,"43.675425, -79.454781"
e7c767f3a1e8dcb9a41229a68b69eaad,Bike Share Toronto,Wellington St W / Stafford St,43.6409957,-79.40966630000001,23,7,15,"43.640996, -79.409666"
a7060ce11ef209bd9f6905ab5bd50a34,Bike Share Toronto,111 Broadview Ave,43.6593483,-79.34993659999999,18,7,11,"43.659348, -79.349937"
947c5660ee75d790b7db219013ea64e7,Bike Share Toronto,Christie St / Dupont St,43.67168,-79.421192,19,17,2,"43.671680, -79.421192"
b59204ea6e3eaa8ade44469b0cd3703e,Bike Share Toronto,Richmond St E / Jarvis St Green P,43.652634,-79.374222,16,15,0,"43.652634, -79.374222"
893f13f8835cc86bd1bc0e16de10e92d,Bike Share Toronto,Bathurst St / Dundas St W,43.6519501,-79.4060978,27,15,11,"43.651950, -79.406098"
b01afd080bfe7a9ae061756b868ef9f0,Bike Share Toronto,Oak St / Sackville St,43.6613642,-79.3641171,19,11,7,"43.661364, -79.364117"
4c1ee1ccabcd1c9eaca449e5b3bbbb6f,Bike Share Toronto,24 Mountjoy Ave,43.6808774,-79.3304491,17,9,8,"43.680877, -79.330449"
d2505c265a6e749d5d2be70c140f029d,Bike Share Toronto,Colgate Ave / Carlaw Ave,43.6623658,-79.3413344,19,4,15,"43.662366, -79.341334"
a2f8dc99e24a4f75d8d8f3f98efbc535,Bike Share Toronto,Felstead Ave/Gillard Ave (Monarch Park),43.6791345,-79.3263159,27,11,16,"43.679135, -79.326316"
290fef611ea995910eb2d8e6dee93350,Bike Share Toronto,Lower Jarvis / The Esplanade,43.6478206,-79.3704721,15,4,10,"43.647821, -79.370472"
31d87930da4eacc3748b5fee65f96259,Bike Share Toronto,Coronation Park (Martin Goodman Trail),43.635495,-79.40352209999999,19,5,13,"43.635495, -79.403522"
edbbbbc2b0bd5c8322b6395633ce610c,Bike Share Toronto,101 Cedarvale Ave,43.6868681,-79.3110942,20,3,15,"43.686868, -79.311094"
61b868926458c2406053b0bf2f81dcd6,Bike Share Toronto,St Clair Ave W / Oakwood Ave,43.678177,-79.435364,15,14,0,"43.678177, -79.435364"
804d113fb2dbc6b44947189e9e8bff7d,Bike Share Toronto,Beltline Trail / Yonge St,43.6962302,-79.39504339999999,23,8,15,"43.696230, -79.395043"
7a271c4cbc993e06ac677f78d5b6ba4b,Bike Share Toronto,Shaw St / Essex St - SMART,43.667076,-79.425116,15,11,4,"43.667076, -79.425116"
aabe4d22a65f405432956d974bd827c4,Bike Share Toronto,High Park Outdoor Pool,43.649217,-79.465319,26,23,3,"43.649217, -79.465319"
d24c01668df7f8e972f3e5980bf1fc6e,Bike Share Toronto,St Clair Ave W / Robina Ave,43.68005,-79.43469,15,15,0,"43.680050, -79.434690"
a76d410d56c1dadfbc8960683df209e2,Bike Share Toronto,Joseph J Piccininni Community Centre,43.675648,-79.4527619,19,16,3,"43.675648, -79.452762"
910e92b9e361308bb305c6780fce822f,Bike Share Toronto,11 Spadina Rd,43.6677246,-79.4041365,18,13,4,"43.667725, -79.404137"
56275b952451bea6cdc0a9e666ea363f,Bike Share Toronto,Vanauley St / Queen St W - SMART,43.648437,-79.39838,12,4,8,"43.648437, -79.398380"
2904c293698dc248004b5f43e1a28f80,Bike Share Toronto,Sherbourne St / Wellesley St E,43.6673,-79.374,31,20,10,"43.667300, -79.374000"
2e6dd23e4dee03087c5e80f76cda5519,Bike Share Toronto,Queen St W / Bay St (City Hall),43.6517925,-79.38269509999999,23,16,5,"43.651792, -79.382695"
90753b36d53f9713816264fff0eb5cba,Bike Share Toronto,Queen St W / Roncesvalles Ave,43.6372958,-79.4423237,19,9,10,"43.637296, -79.442324"
19997314e5dc85c591c39255f1081992,Bike Share Toronto,Havelock St / Dewson St,43.6554793,-79.4302462,15,13,2,"43.655479, -79.430246"
e28bec2cacb249601ba4e3da8ce10aa3,Bike Share Toronto,St Clair West Subway Station - Heath Entrance,43.686352,-79.415894,22,16,6,"43.686352, -79.415894"
e15764d43dae2febba437044f0b41c0d,Bike Share Toronto,Queen St W / Shaw St,43.6442457,-79.41610440000001,19,1,18,"43.644246, -79.416104"
02d90c8ede19da66083e0d0e14d17258,Bike Share Toronto,York University Station (North),43.7741,-79.5005,15,14,1,"43.774100, -79.500500"
70f4c2f125f887140a39865c643b83e1,Bike Share Toronto,Spadina Rd / St.Clair Ave West,43.683979,-79.410657,15,13,2,"43.683979, -79.410657"
a73d255f1af70c61f91b4bbf216054ec,Bike Share Toronto,Spadina Ave / Adelaide St W,43.6472019,-79.3953394,15,0,15,"43.647202, -79.395339"
d6bc7298aa11006015119e2e237ce83d,Bike Share Toronto,Cherry St / Mill St,43.6513927,-79.35794659999999,15,3,12,"43.651393, -79.357947"
a385b32a5f6b3de23ce3def7f59ecbc1,Bike Share Toronto,Jarvis St / Maitland Pl,43.6647688,-79.3772602,17,0,17,"43.664769, -79.377260"
d21421de2283d1ef48895cf1810b0200,Bike Share Toronto,Temperance St / Bay St,43.6506,-79.381285,23,12,9,"43.650600, -79.381285"
fca601c1041c34a9c42af38d71e7403a,Bike Share Toronto,Cherry Beach Sports Field (55 Unwin Ave),43.6408346,-79.3429074,15,14,1,"43.640835, -79.342907"
89a0071a8f7f69a70263dd5c0d9d64f5,Bike Share Toronto,Randolph Ave / Perth Ave,43.6585504,-79.4497659,19,8,10,"43.658550, -79.449766"
0ec6c1acd2e8975a5a2d5ddfe6028115,Bike Share Toronto,Wolseley St / Augusta Ave,43.6484201,-79.40051919999999,28,15,13,"43.648420, -79.400519"
a3246dc710b72e282aabc15520392d98,Bike Share Toronto,Lumsden Ave / Cedarvale Ave,43.693187,-79.314283,11,9,2,"43.693187, -79.314283"
e8fa9e1f75a6a3e6795f420149665538,Bike Share Toronto,Niagara St / Portland St,43.6425791,-79.40011729999999,11,5,6,"43.642579, -79.400117"
4c9eb7bf1d6f6464b60956afb4cb7bc6,Bike Share Toronto,Church St / The Esplanade,43.6469251,-79.3733192,19,11,7,"43.646925, -79.373319"
32cbcb81d2d04a16ed2d1d2ed35220d4,Bike Share Toronto,King St W / Portland St,43.644395,-79.40065430000001,16,12,3,"43.644395, -79.400654"
eec8016afd7a2c9574726724fc5bbab9,Bike Share Toronto,Widmer St / King St W,43.6463574,-79.391206,11,1,9,"43.646357, -79.391206"
f01e7413a6af4607ca80257160d89ae6,Bike Share Toronto,Wellesley St E / Parliament St,43.6682342,-79.3702641,15,13,1,"43.668234, -79.370264"
90fadd5570633a9503c556d49fcd59b8,Bike Share Toronto,Yonge St / Macpherson Ave,43.6791876,-79.39071899999999,15,13,2,"43.679188, -79.390719"
2e3ac17daffcf4eac85216832f31a3b5,Bike Share Toronto,Davenport Rd / Bedford Rd,43.674446,-79.398331,15,3,12,"43.674446, -79.398331"
b1dfad457a006cea077da6f26798cf12,Bike Share Toronto,Princes' Blvd / Nunavut Rd,43.6334636,-79.4143057,19,11,7,"43.633464, -79.414306"
778b6d674fa920334fdf2f007088aa3f,Bike Share Toronto,Exhibition GO Station,43.6352007,-79.4187711,14,4,10,"43.635201, -79.418771"
df51480ffd94a7b3412a6d3cc7706585,Bike Share Toronto,265 Armadale Ave,43.6501644,-79.48296909999999,31,24,5,"43.650164, -79.482969"
b87051aeba987c7cf84dd59ab88c67bd,Bike Share Toronto,800 Fleet St,43.636804,-79.408832,42,14,28,"43.636804, -79.408832"
15b272ca422dbbafeb002f3a84d15436,Bike Share Toronto,St. Joseph St / Bay St - SMART,43.6658804,-79.38761010000002,19,7,12,"43.665880, -79.387610"
9144e4fe1b004cd29d1f4a056a3542fc,Bike Share Toronto,Victoria Park Ave / Kingston Rd,43.68035,-79.28357,15,10,5,"43.680350, -79.283570"
328543a3291fd54d24971108f96bb053,Bike Share Toronto,Ontario St / Adelaide St E -SMART,43.6535052,-79.3667689,17,5,12,"43.653505, -79.366769"
6140f3635573c8910f854df84e633837,Bike Share Toronto,Highview Ave / Kennedy Rd,43.702418581463505,-79.2563167072858,15,11,4,"43.702419, -79.256317"
8e671c6621816f2d0003b23c0bda5e08,Bike Share Toronto,Kingston Rd / Warden Ave,43.68824135931814,-79.27046628033244,14,9,5,"43.688241, -79.270466"
88ede41a08aa08dfee94f811a9834e1b,Bike Share Toronto,Birchcliff Ave / Kingston Rd,43.691688,-79.265027,15,11,4,"43.691688, -79.265027"
3db3e716f02f4035f98fc1f07a0fecd9,Bike Share Toronto,Kingston Rd / Glen Everest Rd,43.697490048103,-79.25655146462776,15,1,14,"43.697490, -79.256551"
a4e9775f52cd109d87faa6d5de6a395a,Bike Share Toronto,Birchmount Rd / Kingston Rd,43.69401297794256,-79.26257204548136,15,10,5,"43.694013, -79.262572"
bfa44ca6c3c167b3a804a93fc1f0ce36,Bike Share Toronto,Pharmacy Ave / Danforth Ave,43.6929478,-79.28339980000001,15,2,12,"43.692948, -79.283400"
719e676d739529c8d5da8bb89c5c8678,Bike Share Toronto,Danforth Ave / Warden Ave,43.6950192,-79.27180659999999,15,7,8,"43.695019, -79.271807"
4458cd04d9fb8c770ac4bae9d9db2d63,Bike Share Toronto,Eglinton Ave W / Gilbert Ave,43.69263249999999,-79.4627536,19,18,1,"43.692632, -79.462754"
f01ce5efb5e67f30b96994096ac1d300,Bike Share Toronto,Sharpe St / Park St (Sandown Park),43.7105975,-79.2541175,15,13,2,"43.710597, -79.254118"
237e73b6b68d9b4f9ce8dded10a8863b,Bike Share Toronto,Eglinton Ave W / Prospect Cemetery,43.69415,-79.45782580000001,19,8,11,"43.694150, -79.457826"
313bd474738057513ba110317f38a025,Bike Share Toronto,The Royal Ontario Museum (Bloor St Entrance),43.668500046272165,-79.3946235999697,19,10,7,"43.668500, -79.394624"
5d50213748a35f8c70977b69abac0ef3,Bike Share Toronto,Marlee Ave / York Beltline Trail,43.70163,-79.44099,19,18,1,"43.701630, -79.440990"
6e21dd07c568ac71711f1358b58c7f3c,Bike Share Toronto,Bert Robinson Park,43.688028,-79.460265,15,8,7,"43.688028, -79.460265"
e59ebca743500b50891c5d639a6ef349,Bike Share Toronto,Rogers Rd / Prospect Cemetery,43.68323,-79.455765,23,20,3,"43.683230, -79.455765"
3098e8839fd687446744220b13c1744e,Bike Share Toronto,Eglinton Ave W / Ennerdale Rd,43.69466,-79.45376999999999,14,13,1,"43.694660, -79.453770"
5f06c49f182da959fa0f03e746fc2e4a,Bike Share Toronto,Chester Subway Station,43.6784834,-79.3513564,9,8,1,"43.678483, -79.351356"
8078f553106f543301e06cb4942063c0,Bike Share Toronto,Bloor St W / Old Mill Trl,43.65016869999999,-79.4963345,19,15,4,"43.650169, -79.496335"
1b853c3b515bbb20d04729c8059f08ee,Bike Share Toronto,Wendover Rd / Bloor St W (Green P),43.6492,-79.50601999999999,15,6,9,"43.649200, -79.506020"
b97fe36c9f29990955a8b64d6be5f602,Bike Share Toronto,Luttrell Ave / Danforth Ave,43.6897656,-79.2939525,15,14,1,"43.689766, -79.293953"
e7b2879f63e9d4253fe62838b99f9b4f,Bike Share Toronto,1926 Lake Shore Blvd W,43.6357643,-79.4674917,23,2,21,"43.635764, -79.467492"
ab463b4b4fbf00bbfbe972989481ed7d,Bike Share Toronto,36 Park Lawn Rd,43.62369169999999,-79.4838132,15,4,11,"43.623692, -79.483813"
ad95eee599a96b92c9849bfa5044bba0,Bike Share Toronto,Howard Park Ave / Parkside Dr,43.648657,-79.458111,15,8,7,"43.648657, -79.458111"
501cea9e754b07ac8713b850ea9b13f2,Bike Share Toronto,Ted Rogers Way / Bloor St E,43.671293,-79.380471,23,12,11,"43.671293, -79.380471"
b1ab2925abdc520ac548b7e700077bb9,Bike Share Toronto,Walter Saunders Park,43.699327072589426,-79.4493630391668,14,12,2,"43.699327, -79.449363"
7c454a73ac552534dbda2c7e18d700f2,Bike Share Toronto,Park Lawn Rd / Berry Rd,43.63560589999999,-79.4934616,15,12,3,"43.635606, -79.493462"
d98ed5a52cd490b3cc4aa57f11510ecb,Bike Share Toronto,Tobermory Dr / Finch Hydro Recreational Trail,43.7611741,-79.5114452,19,12,7,"43.761174, -79.511445"
d18724327840a287a10b260d5b3e0b3a,Bike Share Toronto,Driftwood Ave / Finch Hydro Trail,43.7603624,-79.5162777,18,11,7,"43.760362, -79.516278"
7ef4283f9ce9f067e7127e5431d45f81,Bike Share Toronto,Grand Avenue Park,43.62313,-79.4918,21,12,9,"43.623130, -79.491800"
1c756a37352a017e82b4f3d678d00590,Bike Share Toronto,The Pond Rd / Shoreham Dr,43.772445,-79.511912,15,10,4,"43.772445, -79.511912"
cc1432c52b1e87a738180d369ed1136b,Bike Share Toronto,Berkeley St / Adelaide St E - SMART,43.653359,-79.365023,12,10,1,"43.653359, -79.365023"
a558e5fb7b283d40286ff45d4f2d1d9f,Bike Share Toronto,Kingston Rd / Ridgemoor Ave,43.70643614257429,-79.25104443353288,11,4,7,"43.706436, -79.251044"
7598cfd1da04463554587807fee08a3d,Bike Share Toronto,Moss Park,43.655972,-79.370638,15,2,13,"43.655972, -79.370638"
354bb1fec6b6bcc47b0f2632de2f270e,Bike Share Toronto,York St / Lake Shore Blvd W,43.641952,-79.380723,19,5,14,"43.641952, -79.380723"
44e60e088e0130eb438a3c64cd6074e8,Bike Share Toronto,St. Andrew's Playground Park,43.646552,-79.399586,11,1,10,"43.646552, -79.399586"
9951452d4d7b06a7090aad89d539aee1,Bike Share Toronto,College St / Henry St ,43.6591529,-79.3947953,14,12,1,"43.659153, -79.394795"
01136ad859ed85b0b15029e1b1e702fc,Bike Share Toronto,Emerson Ave / Bloor St W,43.659055,-79.440764,23,20,3,"43.659055, -79.440764"
99585d4f6ec47a797c42027b8c246d25,Bike Share Toronto,Sherbourne St / Isabella St,43.669576,-79.375961,19,11,7,"43.669576, -79.375961"
8227765aa9d7a960abddcabec4194956,Bike Share Toronto,Victoria Park Ave / Dawes Rd,43.706466,-79.29511,19,13,6,"43.706466, -79.295110"
c6970dbdfda7b8de482a4f593ed5e4f8,Bike Share Toronto,Roncesvalles Ave / Fermanagh Ave,43.646314469245205,-79.44879407014527,19,0,18,"43.646314, -79.448794"
9239e6ede8fefff4cde18784c4dd82b0,Bike Share Toronto,Tommy Thompson Park (Leslie Street Spit),43.65222662225532,-79.32295440954084,31,8,23,"43.652227, -79.322954"
42fd6840fd4d296944709870c6b07d83,Bike Share Toronto,St. John's Rd / Dundas St W,43.66526761605873,-79.47502122887077,15,8,7,"43.665268, -79.475021"
d0d1e35af38818e4f0d4ce2e983ddb67,Bike Share Toronto,Albany Ave / Bloor St W,43.66554144421798,-79.41010317605742,15,8,6,"43.665541, -79.410103"
8f1ec0b715c806c73e96db74922ca163,Bike Share Toronto,Pioneer Village Subway Station,43.77649016265579,-79.5085364909097,11,5,5,"43.776490, -79.508536"
32f618847043b8011f80333b5e7ea8b3,Bike Share Toronto,Toronto Eaton Centre (Yonge St) - SMART,43.655431,-79.380653,20,0,19,"43.655431, -79.380653"
9c273cbe285ff5d1a12e3736a77fa9df,Bike Share Toronto,Armoury St / Chestnut St,43.65351799690878,-79.38591063795928,14,2,12,"43.653518, -79.385911"
6ef5beb81c4c0140029ebf4bf192fcf5,Bike Share Toronto,Lake Shore Blvd W / Brow Dr,43.59119994025076,-79.54449133041076,15,14,1,"43.591200, -79.544491"
59c65f9b8ad030535168838f871d5895,Bike Share Toronto,25 Booth Ave,43.6544839,-79.34105699999999,24,4,17,"43.654484, -79.341057"
36e4390d0f95acd44b5c85f49217d360,Bike Share Toronto,Spadina Ave / Sullivan St,43.65082785552666,-79.39698099821702,23,7,16,"43.650828, -79.396981"
5497bba2b352b75075542bf5a290dd8a,Bike Share Toronto,St. Clair Ave W / Osler St,43.673843560032594,-79.46092618902435,11,6,5,"43.673844, -79.460926"
9fd381407b51a700753caec17607a127,Bike Share Toronto,Simcoe St / King St W,43.647508351306186,-79.38604436555764,15,1,14,"43.647508, -79.386044"
af7fe7debf2e8521bcdd991c1bd0b6be,Bike Share Toronto,Grenoble Dr / Gateway Blvd,43.71513211098082,-79.33413623320465,14,11,3,"43.715132, -79.334136"
427a1106d58263dd1af25b459ea419b1,Bike Share Toronto,Grenoble Dr / Deauville Ln,43.71649675774656,-79.33089439933623,15,11,4,"43.716497, -79.330894"
5ef85e20443d6510beb1604c56a32dab,Bike Share Toronto,Grenoble Dr / Vendome Pl,43.715537998967406,-79.32811427663442,11,5,6,"43.715538, -79.328114"
5a0b70488e83a9220011c89551d6a7de,Bike Share Toronto,Thorncliffe Park Dr / Leaside Park Trail,43.70400405297843,-79.34807015078738,15,3,12,"43.704004, -79.348070"
b621c72d79bc4d5df4258a78fa83412d,Bike Share Toronto,Ferrand Dr / Rochefort Dr,43.719632535237835,-79.33199950866776,19,6,13,"43.719633, -79.332000"
a7094de32ada64b8fdd296f2ae3960d0,Bike Share Toronto,165 McRae Dr,43.70656159598004,-79.36781965092621,15,14,1,"43.706562, -79.367820"
7cf109e173e4734690f71b81a35ac57d,Bike Share Toronto,75 Thorncliffe Park Dr,43.70518328279426,-79.34224729962946,11,2,9,"43.705183, -79.342247"
c1a843f198dd5b944533f5b53672a120,Bike Share Toronto,Mt Pleasant Rd / Davisville Ave - SMART,43.70088225686968,-79.38736016665911,16,13,3,"43.700882, -79.387360"
f4d33af4f0cfe71c2bc31fa004030b47,Bike Share Toronto,St Clair Ave W / Avenue Rd ,43.68688938028234,-79.40099513147447,15,15,0,"43.686889, -79.400995"
5e41d051a93e4087fc80e372089dbd6c,Bike Share Toronto,HTO Park (Queens Quay W),43.63796,-79.387502,27,15,11,"43.637960, -79.387502"
dd65003e27abc37a3a1e5b524eb00203,Bike Share Toronto,Nassau St / Bellevue Ave,43.65484215542248,-79.40351232494366,7,1,6,"43.654842, -79.403512"
8facbe8d87dc7f1fd7ea00321ba78b50,Bike Share Toronto,Huron St / Harbord St,43.6637,-79.400053,19,19,0,"43.663700, -79.400053"
eb524dc294d5460d6f1d4cdf90b6351f,Bike Share Toronto,Ward St / Wallace Ave,43.662857,-79.44618,15,7,8,"43.662857, -79.446180"
18205da5f64c1666d9a9fc2edca93988,Bike Share Toronto,Starspray Ave / Lawrence Ave E,43.788319,-79.123505,19,3,16,"43.788319, -79.123505"
7a666ee6c60a7f8ffec9334924d36c6a,Bike Share Toronto,The Well,43.643025055165865,-79.39430137761319,18,2,13,"43.643025, -79.394301"
5335413d6fb1eedf5db4e61589946795,Bike Share Toronto,60 Carl Hall Rd - SMART,43.7482972,-79.47570569999999,20,7,13,"43.748297, -79.475706"
3c09457be4ce775b0cd37e8b073f4ee8,Bike Share Toronto,HTO Park West,43.63737145931921,-79.38976958703309,31,20,10,"43.637371, -79.389770"
c0cb4d9e138defbdefd1f862cf2bd095,Bike Share Toronto,Downsview Park Blvd / Keele St  - SMART,43.73673829262113,-79.48227195568086,20,9,9,"43.736738, -79.482272"
9e69637f78eb0df524d0ac37abb4c431,Bike Share Toronto,Downsview Park Subway Station - SMART,43.753107,-79.479626,20,16,4,"43.753107, -79.479626"
7b645bb451744c620f391544a625888d,Bike Share Toronto,Keele St / Dovehouse Ave - SMART,43.7494501,-79.4869662,16,1,13,"43.749450, -79.486966"
a79d5810f694370a821fd385145cb109,Bike Share Toronto,Exhibition GO (Atlantic Ave),43.637695491830144,-79.42023184193503,15,8,6,"43.637695, -79.420232"
3dbd618c6fba43406cf1b8cf9165647b,Bike Share Toronto,Queens Quay E / Lower Jarvis St ,43.64392767366328,-79.3687301736982,22,0,22,"43.643928, -79.368730"
2ccced1dbd563c3842d265b565098de1,Bike Share Toronto,Phoebe St / Spadina Ave,43.650033,-79.396555,33,25,7,"43.650033, -79.396555"
b1378d745af2e60fe542370cb6374226,Bike Share Toronto,Lynn Williams St / Pirandello St ,43.639124514797004,-79.41423166721611,17,11,6,"43.639125, -79.414232"
c845b03b2ffaa03ebba13b5c61da3af2,Bike Share Toronto,Bay St / Queens Quay W (Ferry Terminal),43.640978,-79.376785,35,18,17,"43.640978, -79.376785"
f8bbce635f366ade23994d02cb6fcc75,Bike Share Toronto,College St / Huron St,43.658148,-79.398167,19,14,4,"43.658148, -79.398167"
5539f3700e4ce9e5701353a667924538,Bike Share Toronto,Ossington Ave / Bruce St,43.64570236705167,-79.41933192053696,15,2,13,"43.645702, -79.419332"
be39936af5ab6b60d98a2d6756387909,Bike Share Toronto,Northern Dancer Blvd / Lake Shore Blvd E,43.663162,-79.309765,27,17,8,"43.663162, -79.309765"
146c961dd6b178771287133da0629eba,Bike Share Toronto,Spadina Rd / Austin Terrace,43.67883,-79.408723,17,16,1,"43.678830, -79.408723"
38d3408bfdf5a321a15ae61358af4aac,Bike Share Toronto,York St / Queens Quay W,43.640132,-79.380464,57,32,25,"43.640132, -79.380464"
c5220f1772b2d1b0ceda3897ef9ea452,Bike Share Toronto,Riverdale Park South (Broadview Ave),43.66793737272024,-79.35337335118456,14,14,0,"43.667937, -79.353373"
cc38e99861bed2afea72ec6211fecdbf,Bike Share Toronto,Front St W / University Ave (1),43.6451635,-79.3831757,19,15,3,"43.645164, -79.383176"
ae77752fa855081311919ad282b18482,Bike Share Toronto,Willingdon Blvd / Bloor St W (Green P),43.64817,-79.510392,15,14,1,"43.648170, -79.510392"
dbf9d3fb9932d05d7ddda51acd4d26b0,Bike Share Toronto,Wallace Ave / Symington Ave - SMART,43.661324,-79.449534,12,6,6,"43.661324, -79.449534"
c89b262c82b9b2107a954987d36ad4a3,Bike Share Toronto,Wellesley Station Green P,43.66496415990742,-79.38355031526893,23,20,0,"43.664964, -79.383550"
813af609ddd87595d5352942579a73a9,Bike Share Toronto,York St / Harbour St (Love Park),43.640741,-79.3798521,15,0,15,"43.640741, -79.379852"
7fac6bfdffa0a7b4ff8a3f1ebd78da81,Bike Share Toronto,Sherbourne St / Carlton St (Allan Gardens),43.663102,-79.373181,17,8,8,"43.663102, -79.373181"
f91f2493c8cca75e7c70987c8d0a516c,Bike Share Toronto,Ontario Place Blvd / Lake Shore Blvd W,43.6322445,-79.4108105,27,4,22,"43.632244, -79.410810"
40e171b076eee2cc9b8405f394f0ace7,Bike Share Toronto,Simcoe St / Dundas St W - SMART,43.655103,-79.389295,20,7,9,"43.655103, -79.389295"
8362e07e9e4d9c67eb283cae15684c8e,Bike Share Toronto,College St / Markham St,43.6563888888889,-79.4091666666667,19,18,1,"43.656389, -79.409167"
9d62413fcaba8ee2d11737b28e8651be,Bike Share Toronto,Dundas St W / Crawford St,43.649722,-79.416944,23,15,7,"43.649722, -79.416944"
71ecba080a7e19ebfb8dcde4964a5277,Bike Share Toronto,Sunnyside - Gus Ryder Pool,43.637894,-79.454823,27,0,27,"43.637894, -79.454823"
90255da65a5396af7e18b556f1d3e618,Bike Share Toronto,High Park - West Rd,43.6525077,-79.4654233,23,22,1,"43.652508, -79.465423"
ba4fc8dd224feedb2762d341bf58916f,Bike Share Toronto,Bloor St W / High Park Ave (High Park),43.6535269,-79.4650569,23,23,0,"43.653527, -79.465057"
15e76731635f7e3ac4484228bc8f60ad,Bike Share Toronto,Front St E / Cherry St,43.652686,-79.358395,15,9,6,"43.652686, -79.358395"
25b1225382e6b213b935daffe25fbfff,Bike Share Toronto,519 Church St  - SMART,43.666850777484896,-79.38114574756837,12,1,10,"43.666851, -79.381146"
